Workbook
Name ListaExercicios: 'Exercícios'!$A$6:$A$1000

Sheet Hoje
A2: Projeto Breno: registro rápido
A3: Use o menu Projeto. Salve o que souber; informações faltantes não impedem retomar o acompanhamento.
A4: Ação rápida | B4: —
A5: Data | B5: =TODAY() | D5: Status | E5: Planilha 4.0: objetivo, meta e ficha em vigor vêm das abas Objetivos, Metas e Fichas.
A7: Peso kg | D7: Sono h | G7: Passos | J7: Cardio min
A9: Registrou tudo? | B9: Não | D9: Muay Thai? | E9: Não | G9: Cintura cm | J9: Fome 1–5
A11: Cansaço 1–5 | D11: Observações
A14: Favorita | D14: Porções | E14: 1 | G14: Refeição | H14: Café da manhã
A16: Alimento | D16: Quantidade | G16: Medição | H16: Estimada | J16: Unidade →
A17: Escolha a unidade: 2 un de ovo ≠ 2 g. Conversões caseiras são estimadas.
A18: Copiar da data | D18: Refeição ou Todas | E18: Todas
A20: Refeição sem cálculo
A23: Sessão | D23: Fase | E23: Regular | G23: Ficha carregada
A24: Carga: siga o critério do cadastro de Exercícios. Preparação em cinza; work sets em verde.
A26: Exercício | B26: Aquec. kg | C26: Aquec. reps | D26: Feeder kg | E26: Feeder reps | F26: Work 1 kg | G26: Work 1 reps | H26: Work 2 kg | I26: Work 2 reps | J26: RIR work 2 | K26: Dor 0–10 | L26: Observação | M26: RIR work 1
A39: RIR = repetições em reserva. Informe para cada work set; 0 é um registro válido.
A40: Feeder: 6 reps longe da falha. Trabalho: 2×6–10, 0–1 RIR. Apenas work sets entram nos indicadores.
A42: Meta × realizado do dia
A43: Indicador | B43: Realizado | C43: Meta | D43: Comparação | E43: Status
A44: kcal | B44: =IF(COUNTIF('Alimentação'!$A:$A,$B$5)=0,"",SUMIFS('Alimentação'!$F:$F,'Alimentação'!$A:$A,$B$5)) | C44: =IF(COUNTIFS('Diário'!$A:$A,$B$5,'Diário'!$M:$M,">0")=0,"",SUMIFS('Diário'!$M:$M,'Diário'!$A:$A,$B$5)) | D44: =IF(NOT(ISNUMBER(B44)),"Sem registro",TEXT(B44,"0")&" / "&IF(ISNUMBER(C44),TEXT(C44,"0"),"meta pendente")) | E44: =IF(COUNTIF('Alimentação'!$A$6:$A1000,$B$5)=0,"Sem registro",IF(COUNTIFS('Diário'!$A$6:$A1000,$B$5,'Diário'!$G$6:$G1000,"Sim")=0,"Parcial — em andamento",IF(SUMIFS('Diário'!$AG$6:$AG1000,'Diário'!$A$6:$A1000,$B$5)>0,"Completo — cálculo parcial",IF(OR(NOT(ISNUMBER(B44)),NOT(ISNUMBER(C44))),"Pendente",IF(ABS(B44/C44-1)<=SUMIFS('Diário'!$T:$T,'Diário'!$A:$A,$B$5),"Na faixa",IF(ABS(B44/C44-1)<=0.2,"Próximo","Distante"))))))
A45: Proteína g | B45: =IF(COUNTIF('Alimentação'!$A:$A,$B$5)=0,"",SUMIFS('Alimentação'!$G:$G,'Alimentação'!$A:$A,$B$5)) | C45: =IF(COUNTIFS('Diário'!$A:$A,$B$5,'Diário'!$N:$N,">0")=0,"",SUMIFS('Diário'!$N:$N,'Diário'!$A:$A,$B$5)) | D45: =IF(NOT(ISNUMBER(B45)),"Sem registro",TEXT(B45,"0")&" / "&IF(ISNUMBER(C45),TEXT(C45,"0"),"meta pendente")) | E45: =IF(COUNTIF('Alimentação'!$A$6:$A1000,$B$5)=0,"Sem registro",IF(COUNTIFS('Diário'!$A$6:$A1000,$B$5,'Diário'!$G$6:$G1000,"Sim")=0,"Parcial — em andamento",IF(SUMIFS('Diário'!$AG$6:$AG1000,'Diário'!$A$6:$A1000,$B$5)>0,"Completo — cálculo parcial",IF(OR(NOT(ISNUMBER(B45)),NOT(ISNUMBER(C45))),"Pendente",IF(AND(B45>=SUMIFS('Diário'!$R:$R,'Diário'!$A:$A,$B$5),B45<=SUMIFS('Diário'!$S:$S,'Diário'!$A:$A,$B$5)),"Na faixa",IF(ABS(B45/C45-1)<=0.2,"Próximo","Distante"))))))
A46: Gordura g | B46: =IF(COUNTIF('Alimentação'!$A:$A,$B$5)=0,"",SUMIFS('Alimentação'!$I:$I,'Alimentação'!$A:$A,$B$5)) | C46: =IF(COUNTIFS('Diário'!$A:$A,$B$5,'Diário'!$O:$O,">0")=0,"",SUMIFS('Diário'!$O:$O,'Diário'!$A:$A,$B$5)) | D46: =IF(NOT(ISNUMBER(B46)),"Sem registro",TEXT(B46,"0")&" / "&IF(ISNUMBER(C46),TEXT(C46,"0"),"meta pendente")) | E46: =IF(COUNTIF('Alimentação'!$A$6:$A1000,$B$5)=0,"Sem registro",IF(COUNTIFS('Diário'!$A$6:$A1000,$B$5,'Diário'!$G$6:$G1000,"Sim")=0,"Parcial — em andamento",IF(SUMIFS('Diário'!$AG$6:$AG1000,'Diário'!$A$6:$A1000,$B$5)>0,"Completo — cálculo parcial",IF(OR(NOT(ISNUMBER(B46)),NOT(ISNUMBER(C46))),"Pendente",IF(ABS(B46/C46-1)<=SUMIFS('Diário'!$U:$U,'Diário'!$A:$A,$B$5),"Na faixa",IF(ABS(B46/C46-1)<=0.2,"Próximo","Distante"))))))
A48: Configuração e revisões
A50: Upper → Lower → Full Body. Organize os dias junto ao Muay Thai.
A51: Menu Projeto: carregar → registrar → salvar parcial ou concluir. Retome registros sem preencher dias atrasados.

Sheet Painel
A2: Projeto Breno: decisões da semana
A5: Semana iniciada em
A7: Peso médio kg
A8: Mudança vs semana anterior kg
A9: Cintura cm
A10: kcal — dias completos
A11: Proteína média g
A12: Gordura média g
A13: Dias completos com cálculo
A14: Aderência calórica
A15: Aderência proteína
A16: Treinos realizados
... A28: Semana parcial
A30: Metas históricas | B30: Aderência usa a meta gravada em cada dia.
A32: Faixas usadas | B32: kcal ±5%; gordura ±15%; proteína pela faixa individual.
A34: Próxima ação | B34: Revisar tolerância à musculação junto do Muay Thai.
A36: Cobertura alimentar
A38: Itens sem cálculo

Sheet Progressão
A2: Progressão por exercício
A3: Gerado pelo script a partir do Registro de treino. Só work sets contam.
A5: Exercício | B5: Grupo | E5: Último work | F5: RIR | G5: Tendência | H5: Sugestão | I5: Ficha

Sheet Config
A2: Configuração
A3: Perfil, rotina e limites da análise. Edite só a coluna Valor. Objetivo, meta e ficha atuais vêm das abas de histórico.
A5: Chave | B5: Parâmetro | C5: Valor | D5: Unidade | E5: Descrição
B6: Perfil
A7: client.name | B7: Nome | C7: Breno | E7: Nome exibido nos títulos e no Painel.
A8: client.sex | B8: Sexo (TMB) | C8: M | D8: M/F | E8: Usado só na equação de TMB (Mifflin-St Jeor).
A9: client.birthDate | B9: Data de nascimento | D9: data | E9: Se preenchida, a idade é calculada na data de cada meta.
A10: client.age | B10: Idade | C10: 24 | D10: anos | E10: Usada quando a data de nascimento não foi informada.
A11: client.heightCm | B11: Altura | C11: 179 | D11: cm | E11: Altura em centímetros.
A12: client.startWeightKg | B12: Peso inicial | C12: 67 | D12: kg | E12: Peso no início do acompanhamento (referência, não medição datada).
A13: client.startDate | B13: Início do acompanhamento | C13: 46286 | D13: data | E13: Data do primeiro registro.
A14: client.reviewer | B14: Revisor | C14: Luan | E14: Quem revisa metas, fichas e fases.
A15: client.notes | B15: Observações do perfil | C15: Saúde: não informado (relato, não avaliação clínica). Tabagismo: não informado. Rotina: pouca caminhada. Creatina: uso não confirmado. | E15: Saúde, suplementos, rotina e outros fatos relatados (não é avaliação clínica).
B16: Rotina
A17: routine.strengthPerWeek | B17: Musculação | C17: 3 | D17: sessões/semana | E17: Treinos de musculação planejados por semana.
A18: routine.cardioPerWeek | B18: Cardio | C18: 0 | D18: sessões/semana | E18: Sessões de cardio planejadas por semana.
A19: routine.activities | B19: Atividades | C19: Muay Thai | E19: Outras atividades (ex.: luta, corrida).
A20: routine.activitiesPerWeek | B20: Atividades por semana | C20: 2 | D20: sessões/semana | E20: Sessões das outras atividades por semana.
A21: routine.sessionRotation | B21: Rotação de sessões | C21: Upper, Lower, Full Body | D21: lista | E21: Sessões da ficha em ordem, separadas por vírgula.
A22: routine.rotationMode | B22: Modo da rotação | C22: continuous | E22: continuous = próxima sessão após a última concluída; weekly = recomeça toda semana.
B23: Energia
A24: energy.bmrMethod | B24: Método da TMB | C24: mifflin | E24: Equação usada para a taxa metabólica basal.
A25: energy.activityFactor | B25: Fator de atividade | C25: 1.55 | D25: × | E25: Multiplica a TMB para o gasto estimado. Estimativa: revisar.
B26: Análise
A27: analysis.weightTrendDays | B27: Dias da média de peso | C27: 7 | D27: dias | E27: Janela da média móvel de peso.
A28: analysis.minWeighInsPerWeek | B28: Pesagens mínimas | C28: 3 | D28: por semana | E28: Abaixo disso a tendência de peso é dados insuficientes.
A29: analysis.minCompleteFoodDays | B29: Dias completos mínimos | C29: 4 | D29: por semana | E29: Dias com alimentação completa para avaliar a dieta.
A30: analysis.kcalTolerance | B30: Tolerância kcal | C30: 0.05 | D30: fração | E30: Faixa aceita em torno da meta de kcal (0,05 = ±5%).
A31: analysis.fatTolerance | B31: Tolerância gordura | C31: 0.15 | D31: fração | E31: Faixa aceita em torno da meta de gordura.
A32: analysis.waistNoiseCm | B32: Ruído da cintura | C32: 0.5 | D32: cm | E32: Variações menores são tratadas como estáveis.
A33: analysis.weightNoisePctPerWeek | B33: Ruído do peso | C33: 0.25 | D33: %/semana | E33: Variações menores são tratadas como peso estável.
A34: analysis.sleepMinH | B34: Sono mínimo | C34: 7 | D34: h | E34: Média abaixo disso gera sinal de sono baixo.
A35: analysis.fatigueHigh | B35: Cansaço alto | C35: 4 | D35: 1–5 | E35: Média a partir disso gera sinal de fadiga alta.
A36: analysis.hungerHigh | B36: Fome alta | C36: 4 | D36: 1–5 | E36: Média a partir disso gera sinal de fome alta.
A37: analysis.painHigh | B37: Dor alta | C37: 4 | D37: 0–10 | E37: Máximo a partir disso gera sinal de dor alta.
A38: analysis.reviewEveryDays | B38: Intervalo de revisão | C38: 7 | D38: dias | E38: Próxima revisão sugerida após uma decisão.
A39: analysis.minWeeksForPhaseReview | B39: Semanas mínimas por fase | C39: 8 | D39: semanas | E39: Antes disso não se sugere revisar objetivo/fase por sucesso.
B40: Sistema
A41: system.schemaVersion | B41: Versão do esquema | C41: 4.0 | E41: Gravada pela migração/configuração inicial. Não editar.
A42: system.timezone | B42: Fuso horário | E42: Vazio = fuso do projeto do Apps Script.
A43: system.otherClientNames | B43: Outros clientes (auditoria) | C43: Zoio | D43: lista | E43: Nomes de outras pessoas acompanhadas com esta planilha-modelo; a auditoria aponta textos que os mencionem.

Sheet Ficha de treino
A2: Ficha vigente
A3: Mostra a ficha em vigor. Edite como rascunho e use Salvar nova ficha para criar a próxima versão.
A5: Sessão | B5: Exercício | C5: Grupo principal | D5: Work sets adaptação | E5: Work sets regular | F5: Reps work mín. | G5: Reps work máx. | H5: RIR work adaptação máx. | I5: RIR work regular máx. | J5: Descanso s | K5: Alternativa | L5: Status do plano | M5: Tipos de série
A6: Upper | B6: Supino inclinado | C6: Peito | D6: 2 | E6: 2 | F6: 6 | G6: 10 | H6: 1 | I6: 1 | J6: 150 | K6: Supino inclinado máquina | L6: Confirmado por Luan | M6: 1 aquecimento + 1 feeder de 6 reps longe da falha + 2 work sets de 6–10 reps, 0–1 RIR.
A7: Upper | B7: Puxada aberta | C7: Costas | D7: 2 | E7: 2 | F7: 6 | G7: 10 | H7: 1 | I7: 1 | J7: 150 | L7: Confirmado por Luan | M7: 1 aquecimento + 1 feeder de 6 reps longe da falha + 2 work sets de 6–10 reps, 0–1 RIR.
A8: Upper | B8: Remada baixa com triângulo | C8: Costas | D8: 2 | E8: 2 | F8: 6 | G8: 10 | H8: 1 | I8: 1 | J8: 150 | L8: Confirmado por Luan | M8: 1 aquecimento + 1 feeder de 6 reps longe da falha + 2 work sets de 6–10 reps, 0–1 RIR.
A9: Upper | B9: Supino reto na máquina | C9: Peito | D9: 2 | E9: 2 | F9: 6 | G9: 10 | H9: 1 | I9: 1 | J9: 150 | L9: Confirmado por Luan | M9: 1 aquecimento + 1 feeder de 6 reps longe da falha + 2 work sets de 6–10 reps, 0–1 RIR.
A10: Upper | B10: Elevação lateral | C10: Ombros | D10: 2 | E10: 2 | F10: 6 | G10: 10 | H10: 1 | I10: 1 | J10: 120 | L10: Confirmado por Luan | M10: 1 aquecimento + 1 feeder de 6 reps longe da falha + 2 work sets de 6–10 reps, 0–1 RIR.
A11: Upper | B11: Crucifixo inverso | C11: Ombros | D11: 2 | E11: 2 | F11: 6 | G11: 10 | H11: 1 | I11: 1 | J11: 120 | K11: Peck deck reverso | L11: Confirmado por Luan | M11: 1 aquecimento + 1 feeder de 6 reps longe da falha + 2 work sets de 6–10 reps, 0–1 RIR.
A12: Upper | B12: Rosca Scott | C12: Bíceps | D12: 2 | E12: 2 | F12: 6 | G12: 10 | H12: 1 | I12: 1 | J12: 120 | L12: Confirmado por Luan | M12: 1 aquecimento + 1 feeder de 6 reps longe da falha + 2 work sets de 6–10 reps, 0–1 RIR.
A13: Upper | B13: Tríceps na corda | C13: Tríceps | D13: 2 | E13: 2 | F13: 6 | G13: 10 | H13: 1 | I13: 1 | J13: 120 | L13: Confirmado por Luan | M13: 1 aquecimento + 1 feeder de 6 reps longe da falha + 2 work sets de 6–10 reps, 0–1 RIR.
A14: Lower | B14: Agachamento orientado | C14: Quadríceps | D14: 2 | E14: 2 | F14: 6 | G14: 10 | H14: 1 | I14: 1 | J14: 150 | L14: Confirmado por Luan | M14: 1 aquecimento + 1 feeder de 6 reps longe da falha + 2 work sets de 6–10 reps, 0–1 RIR.
A15: Lower | B15: Leg press | C15: Quadríceps | D15: 2 | E15: 2 | F15: 6 | G15: 10 | H15: 1 | I15: 1 | J15: 150 | L15: Confirmado por Luan | M15: 1 aquecimento + 1 feeder de 6 reps longe da falha + 2 work sets de 6–10 reps, 0–1 RIR.
A16: Lower | B16: Stiff orientado | C16: Posteriores | D16: 2 | E16: 2 | F16: 6 | G16: 10 | H16: 1 | I16: 1 | J16: 150 | L16: Confirmado por Luan | M16: 1 aquecimento + 1 feeder de 6 reps longe da falha + 2 work sets de 6–10 reps, 0–1 RIR.
A17: Lower | B17: Mesa flexora | C17: Posteriores | D17: 2 | E17: 2 | F17: 6 | G17: 10 | H17: 1 | I17: 1 | J17: 150 | L17: Confirmado por Luan | M17: 1 aquecimento + 1 feeder de 6 reps longe da falha + 2 work sets de 6–10 reps, 0–1 RIR.
A18: Lower | B18: Panturrilha em pé | C18: Panturrilhas | D18: 2 | E18: 2 | F18: 6 | G18: 10 | H18: 1 | I18: 1 | J18: 120 | K18: Panturrilha sentado | L18: Confirmado por Luan | M18: 1 aquecimento + 1 feeder de 6 reps longe da falha + 2 work sets de 6–10 reps, 0–1 RIR.
A19: Lower | B19: Abdominal na polia | C19: Abdômen | D19: 2 | E19: 2 | F19: 6 | G19: 10 | H19: 1 | I19: 1 | J19: 120 | L19: Confirmado por Luan | M19: 1 aquecimento + 1 feeder de 6 reps longe da falha + 2 work sets de 6–10 reps, 0–1 RIR.
A20: Full Body | B20: Leg press | C20: Quadríceps | D20: 2 | E20: 2 | F20: 6 | G20: 10 | H20: 1 | I20: 1 | J20: 150 | L20: Confirmado por Luan | M20: 1 aquecimento + 1 feeder de 6 reps longe da falha + 2 work sets de 6–10 reps, 0–1 RIR.
A21: Full Body | B21: Supino inclinado com halteres | C21: Peito | D21: 2 | E21: 2 | F21: 6 | G21: 10 | H21: 1 | I21: 1 | J21: 150 | L21: Confirmado por Luan | M21: 1 aquecimento + 1 feeder de 6 reps longe da falha + 2 work sets de 6–10 reps, 0–1 RIR.
A22: Full Body | B22: Puxada aberta | C22: Costas | D22: 2 | E22: 2 | F22: 6 | G22: 10 | H22: 1 | I22: 1 | J22: 150 | L22: Confirmado por Luan | M22: 1 aquecimento + 1 feeder de 6 reps longe da falha + 2 work sets de 6–10 reps, 0–1 RIR.
A23: Full Body | B23: Remada com apoio | C23: Costas | D23: 2 | E23: 2 | F23: 6 | G23: 10 | H23: 1 | I23: 1 | J23: 150 | K23: Máquina disponível; confirmar execução com Luan | L23: Confirmado por Luan | M23: 1 aquecimento + 1 feeder de 6 reps longe da falha + 2 work sets de 6–10 reps, 0–1 RIR.
A24: Full Body | B24: Elevação lateral | C24: Ombros | D24: 2 | E24: 2 | F24: 6 | G24: 10 | H24: 1 | I24: 1 | J24: 120 | L24: Confirmado por Luan | M24: 1 aquecimento + 1 feeder de 6 reps longe da falha + 2 work sets de 6–10 reps, 0–1 RIR.
A25: Full Body | B25: Crucifixo inverso | C25: Ombros | D25: 2 | E25: 2 | F25: 6 | G25: 10 | H25: 1 | I25: 1 | J25: 120 | K25: Peck deck reverso | L25: Confirmado por Luan | M25: 1 aquecimento + 1 feeder de 6 reps longe da falha + 2 work sets de 6–10 reps, 0–1 RIR.
A26: Full Body | B26: Rosca alternada | C26: Bíceps | D26: 2 | E26: 2 | F26: 6 | G26: 10 | H26: 1 | I26: 1 | J26: 120 | L26: Confirmado por Luan | M26: 1 aquecimento + 1 feeder de 6 reps longe da falha + 2 work sets de 6–10 reps, 0–1 RIR.
A27: Full Body | B27: Tríceps na corda | C27: Tríceps | D27: 2 | E27: 2 | F27: 6 | G27: 10 | H27: 1 | I27: 1 | J27: 120 | L27: Confirmado por Luan | M27: 1 aquecimento + 1 feeder de 6 reps longe da falha + 2 work sets de 6–10 reps, 0–1 RIR.

Sheet Registro de treino
A2: Registro por exercício e sessão
A3: Aquecimento e feeder preservados; volume e progressão só com Work 1 + Work 2. Salvar parcial permite retomar.
A5: Data | B5: Sessão | C5: Exercício | D5: Equipamento / carga | E5: Aquecimento kg | F5: Aquecimento reps | G5: Feeder kg | H5: Feeder reps | I5: Work 1 kg | J5: Work 1 reps | K5: Work 2 kg | L5: Work 2 reps | M5: Work sets realizadas | N5: Volume work kg×reps | O5: RIR work 2 | P5: Dor 0–10 | Q5: Observação | R5: Ficha | S5: Work sets prescritas | T5: Reps work mín | U5: Reps work máx | V5: Fase | W5: ID sessão | X5: RIR work 1 | Y5: Estado sessão | Z5: Modelo de séries | AA5: Objetivo

Sheet Dieta base
A2: Dieta base com porções revisáveis
A3: Plano alimentar de referência. Os totais são a dieta planejada, não a ingestão realizada.
A5: Refeição | B5: Alimento | C5: Quantidade | D5: Unidade | E5: kcal | F5: Proteína g | G5: Carboidrato g | H5: Gordura g | I5: Fibra g | J5: Adaptação / observação
A6: Café da manhã | B6: Ovo inteiro cru | C6: 150 | D6: =VLOOKUP(B6,Alimentos!$A:$L,2,FALSE) | E6: =C6/VLOOKUP(B6,Alimentos!$A:$L,3,FALSE)*VLOOKUP(B6,Alimentos!$A:$L,4,FALSE) | F6: =C6/VLOOKUP(B6,Alimentos!$A:$L,3,FALSE)*VLOOKUP(B6,Alimentos!$A:$L,5,FALSE) | G6: =C6/VLOOKUP(B6,Alimentos!$A:$L,3,FALSE)*VLOOKUP(B6,Alimentos!$A:$L,6,FALSE) | H6: =C6/VLOOKUP(B6,Alimentos!$A:$L,3,FALSE)*VLOOKUP(B6,Alimentos!$A:$L,7,FALSE) | I6: =C6/VLOOKUP(B6,Alimentos!$A:$L,3,FALSE)*VLOOKUP(B6,Alimentos!$A:$L,8,FALSE) | J6: 3 ovos médios; pesar cru na balança sem casca
A7: Café da manhã | B7: Margarina (estimativa) | C7: 5 | D7: =VLOOKUP(B7,Alimentos!$A:$L,2,FALSE) | E7: =C7/VLOOKUP(B7,Alimentos!$A:$L,3,FALSE)*VLOOKUP(B7,Alimentos!$A:$L,4,FALSE) | F7: =C7/VLOOKUP(B7,Alimentos!$A:$L,3,FALSE)*VLOOKUP(B7,Alimentos!$A:$L,5,FALSE) | G7: =C7/VLOOKUP(B7,Alimentos!$A:$L,3,FALSE)*VLOOKUP(B7,Alimentos!$A:$L,6,FALSE) | H7: =C7/VLOOKUP(B7,Alimentos!$A:$L,3,FALSE)*VLOOKUP(B7,Alimentos!$A:$L,7,FALSE) | I7: =C7/VLOOKUP(B7,Alimentos!$A:$L,3,FALSE)*VLOOKUP(B7,Alimentos!$A:$L,8,FALSE) | J7: Gordura de preparo dos ovos na frigideira
A8: Café da manhã | B8: Pão integral | C8: 50 | D8: =VLOOKUP(B8,Alimentos!$A:$L,2,FALSE) | E8: =C8/VLOOKUP(B8,Alimentos!$A:$L,3,FALSE)*VLOOKUP(B8,Alimentos!$A:$L,4,FALSE) | F8: =C8/VLOOKUP(B8,Alimentos!$A:$L,3,FALSE)*VLOOKUP(B8,Alimentos!$A:$L,5,FALSE) | G8: =C8/VLOOKUP(B8,Alimentos!$A:$L,3,FALSE)*VLOOKUP(B8,Alimentos!$A:$L,6,FALSE) | H8: =C8/VLOOKUP(B8,Alimentos!$A:$L,3,FALSE)*VLOOKUP(B8,Alimentos!$A:$L,7,FALSE) | I8: =C8/VLOOKUP(B8,Alimentos!$A:$L,3,FALSE)*VLOOKUP(B8,Alimentos!$A:$L,8,FALSE) | J8: Cerca de 2 fatias
A9: Café da manhã | B9: Banana nanica | C9: 100 | D9: =VLOOKUP(B9,Alimentos!$A:$L,2,FALSE) | E9: =C9/VLOOKUP(B9,Alimentos!$A:$L,3,FALSE)*VLOOKUP(B9,Alimentos!$A:$L,4,FALSE) | F9: =C9/VLOOKUP(B9,Alimentos!$A:$L,3,FALSE)*VLOOKUP(B9,Alimentos!$A:$L,5,FALSE) | G9: =C9/VLOOKUP(B9,Alimentos!$A:$L,3,FALSE)*VLOOKUP(B9,Alimentos!$A:$L,6,FALSE) | H9: =C9/VLOOKUP(B9,Alimentos!$A:$L,3,FALSE)*VLOOKUP(B9,Alimentos!$A:$L,7,FALSE) | I9: =C9/VLOOKUP(B9,Alimentos!$A:$L,3,FALSE)*VLOOKUP(B9,Alimentos!$A:$L,8,FALSE)
A10: Café da manhã | B10: Queijo minas frescal | C10: 20 | D10: =VLOOKUP(B10,Alimentos!$A:$L,2,FALSE) | E10: =C10/VLOOKUP(B10,Alimentos!$A:$L,3,FALSE)*VLOOKUP(B10,Alimentos!$A:$L,4,FALSE) | F10: =C10/VLOOKUP(B10,Alimentos!$A:$L,3,FALSE)*VLOOKUP(B10,Alimentos!$A:$L,5,FALSE) | G10: =C10/VLOOKUP(B10,Alimentos!$A:$L,3,FALSE)*VLOOKUP(B10,Alimentos!$A:$L,6,FALSE) | H10: =C10/VLOOKUP(B10,Alimentos!$A:$L,3,FALSE)*VLOOKUP(B10,Alimentos!$A:$L,7,FALSE) | I10: =C10/VLOOKUP(B10,Alimentos!$A:$L,3,FALSE)*VLOOKUP(B10,Alimentos!$A:$L,8,FALSE)
A11: Café da manhã | B11: Leite integral (estimativa) | C11: 200 | D11: =VLOOKUP(B11,Alimentos!$A:$L,2,FALSE) | E11: =C11/VLOOKUP(B11,Alimentos!$A:$L,3,FALSE)*VLOOKUP(B11,Alimentos!$A:$L,4,FALSE) | F11: =C11/VLOOKUP(B11,Alimentos!$A:$L,3,FALSE)*VLOOKUP(B11,Alimentos!$A:$L,5,FALSE) | G11: =C11/VLOOKUP(B11,Alimentos!$A:$L,3,FALSE)*VLOOKUP(B11,Alimentos!$A:$L,6,FALSE) | H11: =C11/VLOOKUP(B11,Alimentos!$A:$L,3,FALSE)*VLOOKUP(B11,Alimentos!$A:$L,7,FALSE) | I11: =C11/VLOOKUP(B11,Alimentos!$A:$L,3,FALSE)*VLOOKUP(B11,Alimentos!$A:$L,8,FALSE)
A12: Almoço | B12: Arroz branco cozido | C12: 200 | D12: =VLOOKUP(B12,Alimentos!$A:$L,2,FALSE) | E12: =C12/VLOOKUP(B12,Alimentos!$A:$L,3,FALSE)*VLOOKUP(B12,Alimentos!$A:$L,4,FALSE) | F12: =C12/VLOOKUP(B12,Alimentos!$A:$L,3,FALSE)*VLOOKUP(B12,Alimentos!$A:$L,5,FALSE) | G12: =C12/VLOOKUP(B12,Alimentos!$A:$L,3,FALSE)*VLOOKUP(B12,Alimentos!$A:$L,6,FALSE) | H12: =C12/VLOOKUP(B12,Alimentos!$A:$L,3,FALSE)*VLOOKUP(B12,Alimentos!$A:$L,7,FALSE) | I12: =C12/VLOOKUP(B12,Alimentos!$A:$L,3,FALSE)*VLOOKUP(B12,Alimentos!$A:$L,8,FALSE) | J12: Porção ajustada para aproximar o total de 2.400 kcal
A13: Almoço | B13: Feijão carioca cozido | C13: 100 | D13: =VLOOKUP(B13,Alimentos!$A:$L,2,FALSE) | E13: =C13/VLOOKUP(B13,Alimentos!$A:$L,3,FALSE)*VLOOKUP(B13,Alimentos!$A:$L,4,FALSE) | F13: =C13/VLOOKUP(B13,Alimentos!$A:$L,3,FALSE)*VLOOKUP(B13,Alimentos!$A:$L,5,FALSE) | G13: =C13/VLOOKUP(B13,Alimentos!$A:$L,3,FALSE)*VLOOKUP(B13,Alimentos!$A:$L,6,FALSE) | H13: =C13/VLOOKUP(B13,Alimentos!$A:$L,3,FALSE)*VLOOKUP(B13,Alimentos!$A:$L,7,FALSE) | I13: =C13/VLOOKUP(B13,Alimentos!$A:$L,3,FALSE)*VLOOKUP(B13,Alimentos!$A:$L,8,FALSE)
A14: Almoço | B14: Peito de frango cozido | C14: 100 | D14: =VLOOKUP(B14,Alimentos!$A:$L,2,FALSE) | E14: =C14/VLOOKUP(B14,Alimentos!$A:$L,3,FALSE)*VLOOKUP(B14,Alimentos!$A:$L,4,FALSE) | F14: =C14/VLOOKUP(B14,Alimentos!$A:$L,3,FALSE)*VLOOKUP(B14,Alimentos!$A:$L,5,FALSE) | G14: =C14/VLOOKUP(B14,Alimentos!$A:$L,3,FALSE)*VLOOKUP(B14,Alimentos!$A:$L,6,FALSE) | H14: =C14/VLOOKUP(B14,Alimentos!$A:$L,3,FALSE)*VLOOKUP(B14,Alimentos!$A:$L,7,FALSE) | I14: =C14/VLOOKUP(B14,Alimentos!$A:$L,3,FALSE)*VLOOKUP(B14,Alimentos!$A:$L,8,FALSE) | J14: Ajustado de 130–150 g para evitar excesso na soma do dia
A15: Almoço | B15: Cenoura cozida | C15: 100 | D15: =VLOOKUP(B15,Alimentos!$A:$L,2,FALSE) | E15: =C15/VLOOKUP(B15,Alimentos!$A:$L,3,FALSE)*VLOOKUP(B15,Alimentos!$A:$L,4,FALSE) | F15: =C15/VLOOKUP(B15,Alimentos!$A:$L,3,FALSE)*VLOOKUP(B15,Alimentos!$A:$L,5,FALSE) | G15: =C15/VLOOKUP(B15,Alimentos!$A:$L,3,FALSE)*VLOOKUP(B15,Alimentos!$A:$L,6,FALSE) | H15: =C15/VLOOKUP(B15,Alimentos!$A:$L,3,FALSE)*VLOOKUP(B15,Alimentos!$A:$L,7,FALSE) | I15: =C15/VLOOKUP(B15,Alimentos!$A:$L,3,FALSE)*VLOOKUP(B15,Alimentos!$A:$L,8,FALSE) | J15: Exemplo de legumes
A16: Almoço | B16: Alface crua | C16: 50 | D16: =VLOOKUP(B16,Alimentos!$A:$L,2,FALSE) | E16: =C16/VLOOKUP(B16,Alimentos!$A:$L,3,FALSE)*VLOOKUP(B16,Alimentos!$A:$L,4,FALSE) | F16: =C16/VLOOKUP(B16,Alimentos!$A:$L,3,FALSE)*VLOOKUP(B16,Alimentos!$A:$L,5,FALSE) | G16: =C16/VLOOKUP(B16,Alimentos!$A:$L,3,FALSE)*VLOOKUP(B16,Alimentos!$A:$L,6,FALSE) | H16: =C16/VLOOKUP(B16,Alimentos!$A:$L,3,FALSE)*VLOOKUP(B16,Alimentos!$A:$L,7,FALSE) | I16: =C16/VLOOKUP(B16,Alimentos!$A:$L,3,FALSE)*VLOOKUP(B16,Alimentos!$A:$L,8,FALSE)
A17: Almoço | B17: Azeite | C17: 10 | D17: =VLOOKUP(B17,Alimentos!$A:$L,2,FALSE) | E17: =C17/VLOOKUP(B17,Alimentos!$A:$L,3,FALSE)*VLOOKUP(B17,Alimentos!$A:$L,4,FALSE) | F17: =C17/VLOOKUP(B17,Alimentos!$A:$L,3,FALSE)*VLOOKUP(B17,Alimentos!$A:$L,5,FALSE) | G17: =C17/VLOOKUP(B17,Alimentos!$A:$L,3,FALSE)*VLOOKUP(B17,Alimentos!$A:$L,6,FALSE) | H17: =C17/VLOOKUP(B17,Alimentos!$A:$L,3,FALSE)*VLOOKUP(B17,Alimentos!$A:$L,7,FALSE) | I17: =C17/VLOOKUP(B17,Alimentos!$A:$L,3,FALSE)*VLOOKUP(B17,Alimentos!$A:$L,8,FALSE) | J17: Gordura estimada do preparo; não duplicar
A18: Almoço | B18: Laranja pera | C18: 150 | D18: =VLOOKUP(B18,Alimentos!$A:$L,2,FALSE) | E18: =C18/VLOOKUP(B18,Alimentos!$A:$L,3,FALSE)*VLOOKUP(B18,Alimentos!$A:$L,4,FALSE) | F18: =C18/VLOOKUP(B18,Alimentos!$A:$L,3,FALSE)*VLOOKUP(B18,Alimentos!$A:$L,5,FALSE) | G18: =C18/VLOOKUP(B18,Alimentos!$A:$L,3,FALSE)*VLOOKUP(B18,Alimentos!$A:$L,6,FALSE) | H18: =C18/VLOOKUP(B18,Alimentos!$A:$L,3,FALSE)*VLOOKUP(B18,Alimentos!$A:$L,7,FALSE) | I18: =C18/VLOOKUP(B18,Alimentos!$A:$L,3,FALSE)*VLOOKUP(B18,Alimentos!$A:$L,8,FALSE)
A19: Jantar | B19: Arroz branco cozido | C19: 200 | D19: =VLOOKUP(B19,Alimentos!$A:$L,2,FALSE) | E19: =C19/VLOOKUP(B19,Alimentos!$A:$L,3,FALSE)*VLOOKUP(B19,Alimentos!$A:$L,4,FALSE) | F19: =C19/VLOOKUP(B19,Alimentos!$A:$L,3,FALSE)*VLOOKUP(B19,Alimentos!$A:$L,5,FALSE) | G19: =C19/VLOOKUP(B19,Alimentos!$A:$L,3,FALSE)*VLOOKUP(B19,Alimentos!$A:$L,6,FALSE) | H19: =C19/VLOOKUP(B19,Alimentos!$A:$L,3,FALSE)*VLOOKUP(B19,Alimentos!$A:$L,7,FALSE) | I19: =C19/VLOOKUP(B19,Alimentos!$A:$L,3,FALSE)*VLOOKUP(B19,Alimentos!$A:$L,8,FALSE) | J19: Porção ajustada para aproximar o total de 2.400 kcal
A20: Jantar | B20: Feijão carioca cozido | C20: 100 | D20: =VLOOKUP(B20,Alimentos!$A:$L,2,FALSE) | E20: =C20/VLOOKUP(B20,Alimentos!$A:$L,3,FALSE)*VLOOKUP(B20,Alimentos!$A:$L,4,FALSE) | F20: =C20/VLOOKUP(B20,Alimentos!$A:$L,3,FALSE)*VLOOKUP(B20,Alimentos!$A:$L,5,FALSE) | G20: =C20/VLOOKUP(B20,Alimentos!$A:$L,3,FALSE)*VLOOKUP(B20,Alimentos!$A:$L,6,FALSE) | H20: =C20/VLOOKUP(B20,Alimentos!$A:$L,3,FALSE)*VLOOKUP(B20,Alimentos!$A:$L,7,FALSE) | I20: =C20/VLOOKUP(B20,Alimentos!$A:$L,3,FALSE)*VLOOKUP(B20,Alimentos!$A:$L,8,FALSE)
A21: Jantar | B21: Peito de frango cozido | C21: 100 | D21: =VLOOKUP(B21,Alimentos!$A:$L,2,FALSE) | E21: =C21/VLOOKUP(B21,Alimentos!$A:$L,3,FALSE)*VLOOKUP(B21,Alimentos!$A:$L,4,FALSE) | F21: =C21/VLOOKUP(B21,Alimentos!$A:$L,3,FALSE)*VLOOKUP(B21,Alimentos!$A:$L,5,FALSE) | G21: =C21/VLOOKUP(B21,Alimentos!$A:$L,3,FALSE)*VLOOKUP(B21,Alimentos!$A:$L,6,FALSE) | H21: =C21/VLOOKUP(B21,Alimentos!$A:$L,3,FALSE)*VLOOKUP(B21,Alimentos!$A:$L,7,FALSE) | I21: =C21/VLOOKUP(B21,Alimentos!$A:$L,3,FALSE)*VLOOKUP(B21,Alimentos!$A:$L,8,FALSE) | J21: Ajustado de 130–150 g para evitar excesso na soma do dia
A22: Jantar | B22: Cenoura cozida | C22: 100 | D22: =VLOOKUP(B22,Alimentos!$A:$L,2,FALSE) | E22: =C22/VLOOKUP(B22,Alimentos!$A:$L,3,FALSE)*VLOOKUP(B22,Alimentos!$A:$L,4,FALSE) | F22: =C22/VLOOKUP(B22,Alimentos!$A:$L,3,FALSE)*VLOOKUP(B22,Alimentos!$A:$L,5,FALSE) | G22: =C22/VLOOKUP(B22,Alimentos!$A:$L,3,FALSE)*VLOOKUP(B22,Alimentos!$A:$L,6,FALSE) | H22: =C22/VLOOKUP(B22,Alimentos!$A:$L,3,FALSE)*VLOOKUP(B22,Alimentos!$A:$L,7,FALSE) | I22: =C22/VLOOKUP(B22,Alimentos!$A:$L,3,FALSE)*VLOOKUP(B22,Alimentos!$A:$L,8,FALSE) | J22: Exemplo de legumes
A23: Jantar | B23: Alface crua | C23: 50 | D23: =VLOOKUP(B23,Alimentos!$A:$L,2,FALSE) | E23: =C23/VLOOKUP(B23,Alimentos!$A:$L,3,FALSE)*VLOOKUP(B23,Alimentos!$A:$L,4,FALSE) | F23: =C23/VLOOKUP(B23,Alimentos!$A:$L,3,FALSE)*VLOOKUP(B23,Alimentos!$A:$L,5,FALSE) | G23: =C23/VLOOKUP(B23,Alimentos!$A:$L,3,FALSE)*VLOOKUP(B23,Alimentos!$A:$L,6,FALSE) | H23: =C23/VLOOKUP(B23,Alimentos!$A:$L,3,FALSE)*VLOOKUP(B23,Alimentos!$A:$L,7,FALSE) | I23: =C23/VLOOKUP(B23,Alimentos!$A:$L,3,FALSE)*VLOOKUP(B23,Alimentos!$A:$L,8,FALSE)
A24: Jantar | B24: Azeite | C24: 10 | D24: =VLOOKUP(B24,Alimentos!$A:$L,2,FALSE) | E24: =C24/VLOOKUP(B24,Alimentos!$A:$L,3,FALSE)*VLOOKUP(B24,Alimentos!$A:$L,4,FALSE) | F24: =C24/VLOOKUP(B24,Alimentos!$A:$L,3,FALSE)*VLOOKUP(B24,Alimentos!$A:$L,5,FALSE) | G24: =C24/VLOOKUP(B24,Alimentos!$A:$L,3,FALSE)*VLOOKUP(B24,Alimentos!$A:$L,6,FALSE) | H24: =C24/VLOOKUP(B24,Alimentos!$A:$L,3,FALSE)*VLOOKUP(B24,Alimentos!$A:$L,7,FALSE) | I24: =C24/VLOOKUP(B24,Alimentos!$A:$L,3,FALSE)*VLOOKUP(B24,Alimentos!$A:$L,8,FALSE) | J24: Gordura estimada do preparo; não duplicar
A25: Lanche | B25: Whey (rótulo a conferir) | C25: 10 | D25: =VLOOKUP(B25,Alimentos!$A:$L,2,FALSE) | E25: =C25/VLOOKUP(B25,Alimentos!$A:$L,3,FALSE)*VLOOKUP(B25,Alimentos!$A:$L,4,FALSE) | F25: =C25/VLOOKUP(B25,Alimentos!$A:$L,3,FALSE)*VLOOKUP(B25,Alimentos!$A:$L,5,FALSE) | G25: =C25/VLOOKUP(B25,Alimentos!$A:$L,3,FALSE)*VLOOKUP(B25,Alimentos!$A:$L,6,FALSE) | H25: =C25/VLOOKUP(B25,Alimentos!$A:$L,3,FALSE)*VLOOKUP(B25,Alimentos!$A:$L,7,FALSE) | I25: =C25/VLOOKUP(B25,Alimentos!$A:$L,3,FALSE)*VLOOKUP(B25,Alimentos!$A:$L,8,FALSE) | J25: 10 g de pó na proposta atual; conferir rótulo.
A26: Lanche | B26: Leite integral (estimativa) | C26: 200 | D26: =VLOOKUP(B26,Alimentos!$A:$L,2,FALSE) | E26: =C26/VLOOKUP(B26,Alimentos!$A:$L,3,FALSE)*VLOOKUP(B26,Alimentos!$A:$L,4,FALSE) | F26: =C26/VLOOKUP(B26,Alimentos!$A:$L,3,FALSE)*VLOOKUP(B26,Alimentos!$A:$L,5,FALSE) | G26: =C26/VLOOKUP(B26,Alimentos!$A:$L,3,FALSE)*VLOOKUP(B26,Alimentos!$A:$L,6,FALSE) | H26: =C26/VLOOKUP(B26,Alimentos!$A:$L,3,FALSE)*VLOOKUP(B26,Alimentos!$A:$L,7,FALSE) | I26: =C26/VLOOKUP(B26,Alimentos!$A:$L,3,FALSE)*VLOOKUP(B26,Alimentos!$A:$L,8,FALSE)
A27: Lanche | B27: Banana nanica | C27: 100 | D27: =VLOOKUP(B27,Alimentos!$A:$L,2,FALSE) | E27: =C27/VLOOKUP(B27,Alimentos!$A:$L,3,FALSE)*VLOOKUP(B27,Alimentos!$A:$L,4,FALSE) | F27: =C27/VLOOKUP(B27,Alimentos!$A:$L,3,FALSE)*VLOOKUP(B27,Alimentos!$A:$L,5,FALSE) | G27: =C27/VLOOKUP(B27,Alimentos!$A:$L,3,FALSE)*VLOOKUP(B27,Alimentos!$A:$L,6,FALSE) | H27: =C27/VLOOKUP(B27,Alimentos!$A:$L,3,FALSE)*VLOOKUP(B27,Alimentos!$A:$L,7,FALSE) | I27: =C27/VLOOKUP(B27,Alimentos!$A:$L,3,FALSE)*VLOOKUP(B27,Alimentos!$A:$L,8,FALSE)
A28: Lanche | B28: Aveia em flocos | C28: 40 | D28: =VLOOKUP(B28,Alimentos!$A:$L,2,FALSE) | E28: =C28/VLOOKUP(B28,Alimentos!$A:$L,3,FALSE)*VLOOKUP(B28,Alimentos!$A:$L,4,FALSE) | F28: =C28/VLOOKUP(B28,Alimentos!$A:$L,3,FALSE)*VLOOKUP(B28,Alimentos!$A:$L,5,FALSE) | G28: =C28/VLOOKUP(B28,Alimentos!$A:$L,3,FALSE)*VLOOKUP(B28,Alimentos!$A:$L,6,FALSE) | H28: =C28/VLOOKUP(B28,Alimentos!$A:$L,3,FALSE)*VLOOKUP(B28,Alimentos!$A:$L,7,FALSE) | I28: =C28/VLOOKUP(B28,Alimentos!$A:$L,3,FALSE)*VLOOKUP(B28,Alimentos!$A:$L,8,FALSE)
A29: Ceia | B29: Banana nanica | C29: 100 | D29: =VLOOKUP(B29,Alimentos!$A:$L,2,FALSE) | E29: =C29/VLOOKUP(B29,Alimentos!$A:$L,3,FALSE)*VLOOKUP(B29,Alimentos!$A:$L,4,FALSE) | F29: =C29/VLOOKUP(B29,Alimentos!$A:$L,3,FALSE)*VLOOKUP(B29,Alimentos!$A:$L,5,FALSE) | G29: =C29/VLOOKUP(B29,Alimentos!$A:$L,3,FALSE)*VLOOKUP(B29,Alimentos!$A:$L,6,FALSE) | H29: =C29/VLOOKUP(B29,Alimentos!$A:$L,3,FALSE)*VLOOKUP(B29,Alimentos!$A:$L,7,FALSE) | I29: =C29/VLOOKUP(B29,Alimentos!$A:$L,3,FALSE)*VLOOKUP(B29,Alimentos!$A:$L,8,FALSE) | J29: Pode deslocar para antes do Muay Thai
A31: Total da proposta | E31: =SUM(E6:E29) | F31: =SUM(F6:F29) | G31: =SUM(G6:G29) | H31: =SUM(H6:H29) | I31: =SUM(I6:I29)

Sheet Equivalências
A2: Trocas por nutriente principal
A3: Trocas igualam um nutriente, não todos os macros. Confira o total da dieta.
A5: Base | B5: Qtd. base | C5: Critério | D5: Alternativa | E5: Qtd. equivalente | F5: Unidade | G5: kcal base | H5: kcal alternativa | I5: Diferença kcal | J5: Proteína alt. | K5: Carboidrato alt. | L5: Gordura alt. | M5: Observação
A6: Peito de frango cozido | B6: 100 | C6: Proteína | D6: Ovo inteiro cozido | E6: =B6/VLOOKUP(A6,Alimentos!$A:$L,3,FALSE)*VLOOKUP(A6,Alimentos!$A:$L,IF(C6="Proteína",5,IF(C6="Carboidrato",6,7)),FALSE)/VLOOKUP(D6,Alimentos!$A:$L,IF(C6="Proteína",5,IF(C6="Carboidrato",6,7)),FALSE)*VLOOKUP(D6,Alimentos!$A:$L,3,FALSE) | F6: =VLOOKUP(D6,Alimentos!$A:$L,2,FALSE) | G6: =B6/VLOOKUP(A6,Alimentos!$A:$L,3,FALSE)*VLOOKUP(A6,Alimentos!$A:$L,4,FALSE) | H6: =E6/VLOOKUP(D6,Alimentos!$A:$L,3,FALSE)*VLOOKUP(D6,Alimentos!$A:$L,4,FALSE) | I6: =H6-G6 | J6: =E6/VLOOKUP(D6,Alimentos!$A:$L,3,FALSE)*VLOOKUP(D6,Alimentos!$A:$L,5,FALSE) | K6: =E6/VLOOKUP(D6,Alimentos!$A:$L,3,FALSE)*VLOOKUP(D6,Alimentos!$A:$L,6,FALSE) | L6: =E6/VLOOKUP(D6,Alimentos!$A:$L,3,FALSE)*VLOOKUP(D6,Alimentos!$A:$L,7,FALSE) | M6: Ovos: dividir gramas por 50 para estimar unidades. A gordura e as calorias aumentam nesta troca.
A7: Ovo inteiro cozido | B7: 150 | C7: Proteína | D7: Peito de frango cozido | E7: =B7/VLOOKUP(A7,Alimentos!$A:$L,3,FALSE)*VLOOKUP(A7,Alimentos!$A:$L,IF(C7="Proteína",5,IF(C7="Carboidrato",6,7)),FALSE)/VLOOKUP(D7,Alimentos!$A:$L,IF(C7="Proteína",5,IF(C7="Carboidrato",6,7)),FALSE)*VLOOKUP(D7,Alimentos!$A:$L,3,FALSE) | F7: =VLOOKUP(D7,Alimentos!$A:$L,2,FALSE) | G7: =B7/VLOOKUP(A7,Alimentos!$A:$L,3,FALSE)*VLOOKUP(A7,Alimentos!$A:$L,4,FALSE) | H7: =E7/VLOOKUP(D7,Alimentos!$A:$L,3,FALSE)*VLOOKUP(D7,Alimentos!$A:$L,4,FALSE) | I7: =H7-G7 | J7: =E7/VLOOKUP(D7,Alimentos!$A:$L,3,FALSE)*VLOOKUP(D7,Alimentos!$A:$L,5,FALSE) | K7: =E7/VLOOKUP(D7,Alimentos!$A:$L,3,FALSE)*VLOOKUP(D7,Alimentos!$A:$L,6,FALSE) | L7: =E7/VLOOKUP(D7,Alimentos!$A:$L,3,FALSE)*VLOOKUP(D7,Alimentos!$A:$L,7,FALSE)
A8: Whey (rótulo a conferir) | B8: 30 | C8: Proteína | D8: Peito de frango cozido | E8: =B8/VLOOKUP(A8,Alimentos!$A:$L,3,FALSE)*VLOOKUP(A8,Alimentos!$A:$L,IF(C8="Proteína",5,IF(C8="Carboidrato",6,7)),FALSE)/VLOOKUP(D8,Alimentos!$A:$L,IF(C8="Proteína",5,IF(C8="Carboidrato",6,7)),FALSE)*VLOOKUP(D8,Alimentos!$A:$L,3,FALSE) | F8: =VLOOKUP(D8,Alimentos!$A:$L,2,FALSE) | G8: =B8/VLOOKUP(A8,Alimentos!$A:$L,3,FALSE)*VLOOKUP(A8,Alimentos!$A:$L,4,FALSE) | H8: =E8/VLOOKUP(D8,Alimentos!$A:$L,3,FALSE)*VLOOKUP(D8,Alimentos!$A:$L,4,FALSE) | I8: =H8-G8 | J8: =E8/VLOOKUP(D8,Alimentos!$A:$L,3,FALSE)*VLOOKUP(D8,Alimentos!$A:$L,5,FALSE) | K8: =E8/VLOOKUP(D8,Alimentos!$A:$L,3,FALSE)*VLOOKUP(D8,Alimentos!$A:$L,6,FALSE) | L8: =E8/VLOOKUP(D8,Alimentos!$A:$L,3,FALSE)*VLOOKUP(D8,Alimentos!$A:$L,7,FALSE)
A9: Whey (rótulo a conferir) | B9: 30 | C9: Proteína | D9: Ovo inteiro cozido | E9: =B9/VLOOKUP(A9,Alimentos!$A:$L,3,FALSE)*VLOOKUP(A9,Alimentos!$A:$L,IF(C9="Proteína",5,IF(C9="Carboidrato",6,7)),FALSE)/VLOOKUP(D9,Alimentos!$A:$L,IF(C9="Proteína",5,IF(C9="Carboidrato",6,7)),FALSE)*VLOOKUP(D9,Alimentos!$A:$L,3,FALSE) | F9: =VLOOKUP(D9,Alimentos!$A:$L,2,FALSE) | G9: =B9/VLOOKUP(A9,Alimentos!$A:$L,3,FALSE)*VLOOKUP(A9,Alimentos!$A:$L,4,FALSE) | H9: =E9/VLOOKUP(D9,Alimentos!$A:$L,3,FALSE)*VLOOKUP(D9,Alimentos!$A:$L,4,FALSE) | I9: =H9-G9 | J9: =E9/VLOOKUP(D9,Alimentos!$A:$L,3,FALSE)*VLOOKUP(D9,Alimentos!$A:$L,5,FALSE) | K9: =E9/VLOOKUP(D9,Alimentos!$A:$L,3,FALSE)*VLOOKUP(D9,Alimentos!$A:$L,6,FALSE) | L9: =E9/VLOOKUP(D9,Alimentos!$A:$L,3,FALSE)*VLOOKUP(D9,Alimentos!$A:$L,7,FALSE)
A10: Peito de frango cozido | B10: 100 | C10: Proteína | D10: Merluza assada | E10: =B10/VLOOKUP(A10,Alimentos!$A:$L,3,FALSE)*VLOOKUP(A10,Alimentos!$A:$L,IF(C10="Proteína",5,IF(C10="Carboidrato",6,7)),FALSE)/VLOOKUP(D10,Alimentos!$A:$L,IF(C10="Proteína",5,IF(C10="Carboidrato",6,7)),FALSE)*VLOOKUP(D10,Alimentos!$A:$L,3,FALSE) | F10: =VLOOKUP(D10,Alimentos!$A:$L,2,FALSE) | G10: =B10/VLOOKUP(A10,Alimentos!$A:$L,3,FALSE)*VLOOKUP(A10,Alimentos!$A:$L,4,FALSE) | H10: =E10/VLOOKUP(D10,Alimentos!$A:$L,3,FALSE)*VLOOKUP(D10,Alimentos!$A:$L,4,FALSE) | I10: =H10-G10 | J10: =E10/VLOOKUP(D10,Alimentos!$A:$L,3,FALSE)*VLOOKUP(D10,Alimentos!$A:$L,5,FALSE) | K10: =E10/VLOOKUP(D10,Alimentos!$A:$L,3,FALSE)*VLOOKUP(D10,Alimentos!$A:$L,6,FALSE) | L10: =E10/VLOOKUP(D10,Alimentos!$A:$L,3,FALSE)*VLOOKUP(D10,Alimentos!$A:$L,7,FALSE)
A11: Ovo inteiro cozido | B11: 150 | C11: Proteína | D11: Clara de ovo cozida | E11: =B11/VLOOKUP(A11,Alimentos!$A:$L,3,FALSE)*VLOOKUP(A11,Alimentos!$A:$L,IF(C11="Proteína",5,IF(C11="Carboidrato",6,7)),FALSE)/VLOOKUP(D11,Alimentos!$A:$L,IF(C11="Proteína",5,IF(C11="Carboidrato",6,7)),FALSE)*VLOOKUP(D11,Alimentos!$A:$L,3,FALSE) | F11: =VLOOKUP(D11,Alimentos!$A:$L,2,FALSE) | G11: =B11/VLOOKUP(A11,Alimentos!$A:$L,3,FALSE)*VLOOKUP(A11,Alimentos!$A:$L,4,FALSE) | H11: =E11/VLOOKUP(D11,Alimentos!$A:$L,3,FALSE)*VLOOKUP(D11,Alimentos!$A:$L,4,FALSE) | I11: =H11-G11 | J11: =E11/VLOOKUP(D11,Alimentos!$A:$L,3,FALSE)*VLOOKUP(D11,Alimentos!$A:$L,5,FALSE) | K11: =E11/VLOOKUP(D11,Alimentos!$A:$L,3,FALSE)*VLOOKUP(D11,Alimentos!$A:$L,6,FALSE) | L11: =E11/VLOOKUP(D11,Alimentos!$A:$L,3,FALSE)*VLOOKUP(D11,Alimentos!$A:$L,7,FALSE)
A12: Arroz branco cozido | B12: 150 | C12: Carboidrato | D12: Batata inglesa cozida | E12: =B12/VLOOKUP(A12,Alimentos!$A:$L,3,FALSE)*VLOOKUP(A12,Alimentos!$A:$L,IF(C12="Proteína",5,IF(C12="Carboidrato",6,7)),FALSE)/VLOOKUP(D12,Alimentos!$A:$L,IF(C12="Proteína",5,IF(C12="Carboidrato",6,7)),FALSE)*VLOOKUP(D12,Alimentos!$A:$L,3,FALSE) | F12: =VLOOKUP(D12,Alimentos!$A:$L,2,FALSE) | G12: =B12/VLOOKUP(A12,Alimentos!$A:$L,3,FALSE)*VLOOKUP(A12,Alimentos!$A:$L,4,FALSE) | H12: =E12/VLOOKUP(D12,Alimentos!$A:$L,3,FALSE)*VLOOKUP(D12,Alimentos!$A:$L,4,FALSE) | I12: =H12-G12 | J12: =E12/VLOOKUP(D12,Alimentos!$A:$L,3,FALSE)*VLOOKUP(D12,Alimentos!$A:$L,5,FALSE) | K12: =E12/VLOOKUP(D12,Alimentos!$A:$L,3,FALSE)*VLOOKUP(D12,Alimentos!$A:$L,6,FALSE) | L12: =E12/VLOOKUP(D12,Alimentos!$A:$L,3,FALSE)*VLOOKUP(D12,Alimentos!$A:$L,7,FALSE)
A13: Arroz branco cozido | B13: 150 | C13: Carboidrato | D13: Batata doce cozida | E13: =B13/VLOOKUP(A13,Alimentos!$A:$L,3,FALSE)*VLOOKUP(A13,Alimentos!$A:$L,IF(C13="Proteína",5,IF(C13="Carboidrato",6,7)),FALSE)/VLOOKUP(D13,Alimentos!$A:$L,IF(C13="Proteína",5,IF(C13="Carboidrato",6,7)),FALSE)*VLOOKUP(D13,Alimentos!$A:$L,3,FALSE) | F13: =VLOOKUP(D13,Alimentos!$A:$L,2,FALSE) | G13: =B13/VLOOKUP(A13,Alimentos!$A:$L,3,FALSE)*VLOOKUP(A13,Alimentos!$A:$L,4,FALSE) | H13: =E13/VLOOKUP(D13,Alimentos!$A:$L,3,FALSE)*VLOOKUP(D13,Alimentos!$A:$L,4,FALSE) | I13: =H13-G13 | J13: =E13/VLOOKUP(D13,Alimentos!$A:$L,3,FALSE)*VLOOKUP(D13,Alimentos!$A:$L,5,FALSE) | K13: =E13/VLOOKUP(D13,Alimentos!$A:$L,3,FALSE)*VLOOKUP(D13,Alimentos!$A:$L,6,FALSE) | L13: =E13/VLOOKUP(D13,Alimentos!$A:$L,3,FALSE)*VLOOKUP(D13,Alimentos!$A:$L,7,FALSE)
A14: Pão integral | B14: 50 | C14: Carboidrato | D14: Aveia em flocos | E14: =B14/VLOOKUP(A14,Alimentos!$A:$L,3,FALSE)*VLOOKUP(A14,Alimentos!$A:$L,IF(C14="Proteína",5,IF(C14="Carboidrato",6,7)),FALSE)/VLOOKUP(D14,Alimentos!$A:$L,IF(C14="Proteína",5,IF(C14="Carboidrato",6,7)),FALSE)*VLOOKUP(D14,Alimentos!$A:$L,3,FALSE) | F14: =VLOOKUP(D14,Alimentos!$A:$L,2,FALSE) | G14: =B14/VLOOKUP(A14,Alimentos!$A:$L,3,FALSE)*VLOOKUP(A14,Alimentos!$A:$L,4,FALSE) | H14: =E14/VLOOKUP(D14,Alimentos!$A:$L,3,FALSE)*VLOOKUP(D14,Alimentos!$A:$L,4,FALSE) | I14: =H14-G14 | J14: =E14/VLOOKUP(D14,Alimentos!$A:$L,3,FALSE)*VLOOKUP(D14,Alimentos!$A:$L,5,FALSE) | K14: =E14/VLOOKUP(D14,Alimentos!$A:$L,3,FALSE)*VLOOKUP(D14,Alimentos!$A:$L,6,FALSE) | L14: =E14/VLOOKUP(D14,Alimentos!$A:$L,3,FALSE)*VLOOKUP(D14,Alimentos!$A:$L,7,FALSE)
A15: Banana nanica | B15: 100 | C15: Carboidrato | D15: Laranja pera | E15: =B15/VLOOKUP(A15,Alimentos!$A:$L,3,FALSE)*VLOOKUP(A15,Alimentos!$A:$L,IF(C15="Proteína",5,IF(C15="Carboidrato",6,7)),FALSE)/VLOOKUP(D15,Alimentos!$A:$L,IF(C15="Proteína",5,IF(C15="Carboidrato",6,7)),FALSE)*VLOOKUP(D15,Alimentos!$A:$L,3,FALSE) | F15: =VLOOKUP(D15,Alimentos!$A:$L,2,FALSE) | G15: =B15/VLOOKUP(A15,Alimentos!$A:$L,3,FALSE)*VLOOKUP(A15,Alimentos!$A:$L,4,FALSE) | H15: =E15/VLOOKUP(D15,Alimentos!$A:$L,3,FALSE)*VLOOKUP(D15,Alimentos!$A:$L,4,FALSE) | I15: =H15-G15 | J15: =E15/VLOOKUP(D15,Alimentos!$A:$L,3,FALSE)*VLOOKUP(D15,Alimentos!$A:$L,5,FALSE) | K15: =E15/VLOOKUP(D15,Alimentos!$A:$L,3,FALSE)*VLOOKUP(D15,Alimentos!$A:$L,6,FALSE) | L15: =E15/VLOOKUP(D15,Alimentos!$A:$L,3,FALSE)*VLOOKUP(D15,Alimentos!$A:$L,7,FALSE)
A16: Feijão carioca cozido | B16: 100 | C16: Carboidrato | D16: Feijão preto cozido | E16: =B16/VLOOKUP(A16,Alimentos!$A:$L,3,FALSE)*VLOOKUP(A16,Alimentos!$A:$L,IF(C16="Proteína",5,IF(C16="Carboidrato",6,7)),FALSE)/VLOOKUP(D16,Alimentos!$A:$L,IF(C16="Proteína",5,IF(C16="Carboidrato",6,7)),FALSE)*VLOOKUP(D16,Alimentos!$A:$L,3,FALSE) | F16: =VLOOKUP(D16,Alimentos!$A:$L,2,FALSE) | G16: =B16/VLOOKUP(A16,Alimentos!$A:$L,3,FALSE)*VLOOKUP(A16,Alimentos!$A:$L,4,FALSE) | H16: =E16/VLOOKUP(D16,Alimentos!$A:$L,3,FALSE)*VLOOKUP(D16,Alimentos!$A:$L,4,FALSE) | I16: =H16-G16 | J16: =E16/VLOOKUP(D16,Alimentos!$A:$L,3,FALSE)*VLOOKUP(D16,Alimentos!$A:$L,5,FALSE) | K16: =E16/VLOOKUP(D16,Alimentos!$A:$L,3,FALSE)*VLOOKUP(D16,Alimentos!$A:$L,6,FALSE) | L16: =E16/VLOOKUP(D16,Alimentos!$A:$L,3,FALSE)*VLOOKUP(D16,Alimentos!$A:$L,7,FALSE)
A17: Feijão carioca cozido | B17: 100 | C17: Carboidrato | D17: Lentilha cozida | E17: =B17/VLOOKUP(A17,Alimentos!$A:$L,3,FALSE)*VLOOKUP(A17,Alimentos!$A:$L,IF(C17="Proteína",5,IF(C17="Carboidrato",6,7)),FALSE)/VLOOKUP(D17,Alimentos!$A:$L,IF(C17="Proteína",5,IF(C17="Carboidrato",6,7)),FALSE)*VLOOKUP(D17,Alimentos!$A:$L,3,FALSE) | F17: =VLOOKUP(D17,Alimentos!$A:$L,2,FALSE) | G17: =B17/VLOOKUP(A17,Alimentos!$A:$L,3,FALSE)*VLOOKUP(A17,Alimentos!$A:$L,4,FALSE) | H17: =E17/VLOOKUP(D17,Alimentos!$A:$L,3,FALSE)*VLOOKUP(D17,Alimentos!$A:$L,4,FALSE) | I17: =H17-G17 | J17: =E17/VLOOKUP(D17,Alimentos!$A:$L,3,FALSE)*VLOOKUP(D17,Alimentos!$A:$L,5,FALSE) | K17: =E17/VLOOKUP(D17,Alimentos!$A:$L,3,FALSE)*VLOOKUP(D17,Alimentos!$A:$L,6,FALSE) | L17: =E17/VLOOKUP(D17,Alimentos!$A:$L,3,FALSE)*VLOOKUP(D17,Alimentos!$A:$L,7,FALSE)
A18: Peito de frango cozido | B18: 100 | C18: Proteína | D18: Carne bovina patinho grelhado | E18: =B18/VLOOKUP(A18,Alimentos!$A:$L,3,FALSE)*VLOOKUP(A18,Alimentos!$A:$L,IF(C18="Proteína",5,IF(C18="Carboidrato",6,7)),FALSE)/VLOOKUP(D18,Alimentos!$A:$L,IF(C18="Proteína",5,IF(C18="Carboidrato",6,7)),FALSE)*VLOOKUP(D18,Alimentos!$A:$L,3,FALSE) | F18: =VLOOKUP(D18,Alimentos!$A:$L,2,FALSE) | G18: =B18/VLOOKUP(A18,Alimentos!$A:$L,3,FALSE)*VLOOKUP(A18,Alimentos!$A:$L,4,FALSE) | H18: =E18/VLOOKUP(D18,Alimentos!$A:$L,3,FALSE)*VLOOKUP(D18,Alimentos!$A:$L,4,FALSE) | I18: =H18-G18 | J18: =E18/VLOOKUP(D18,Alimentos!$A:$L,3,FALSE)*VLOOKUP(D18,Alimentos!$A:$L,5,FALSE) | K18: =E18/VLOOKUP(D18,Alimentos!$A:$L,3,FALSE)*VLOOKUP(D18,Alimentos!$A:$L,6,FALSE) | L18: =E18/VLOOKUP(D18,Alimentos!$A:$L,3,FALSE)*VLOOKUP(D18,Alimentos!$A:$L,7,FALSE) | M18: Patinho moído ou bife magro; pesar pronto sem óleo.
A19: Peito de frango cozido | B19: 100 | C19: Proteína | D19: Filé de tilápia grelhado | E19: =B19/VLOOKUP(A19,Alimentos!$A:$L,3,FALSE)*VLOOKUP(A19,Alimentos!$A:$L,IF(C19="Proteína",5,IF(C19="Carboidrato",6,7)),FALSE)/VLOOKUP(D19,Alimentos!$A:$L,IF(C19="Proteína",5,IF(C19="Carboidrato",6,7)),FALSE)*VLOOKUP(D19,Alimentos!$A:$L,3,FALSE) | F19: =VLOOKUP(D19,Alimentos!$A:$L,2,FALSE) | G19: =B19/VLOOKUP(A19,Alimentos!$A:$L,3,FALSE)*VLOOKUP(A19,Alimentos!$A:$L,4,FALSE) | H19: =E19/VLOOKUP(D19,Alimentos!$A:$L,3,FALSE)*VLOOKUP(D19,Alimentos!$A:$L,4,FALSE) | I19: =H19-G19 | J19: =E19/VLOOKUP(D19,Alimentos!$A:$L,3,FALSE)*VLOOKUP(D19,Alimentos!$A:$L,5,FALSE) | K19: =E19/VLOOKUP(D19,Alimentos!$A:$L,3,FALSE)*VLOOKUP(D19,Alimentos!$A:$L,6,FALSE) | L19: =E19/VLOOKUP(D19,Alimentos!$A:$L,3,FALSE)*VLOOKUP(D19,Alimentos!$A:$L,7,FALSE) | M19: Pesar pronto sem óleo.
A20: Peito de frango cozido | B20: 100 | C20: Proteína | D20: Atum ralado em conserva em água | E20: =B20/VLOOKUP(A20,Alimentos!$A:$L,3,FALSE)*VLOOKUP(A20,Alimentos!$A:$L,IF(C20="Proteína",5,IF(C20="Carboidrato",6,7)),FALSE)/VLOOKUP(D20,Alimentos!$A:$L,IF(C20="Proteína",5,IF(C20="Carboidrato",6,7)),FALSE)*VLOOKUP(D20,Alimentos!$A:$L,3,FALSE) | F20: =VLOOKUP(D20,Alimentos!$A:$L,2,FALSE) | G20: =B20/VLOOKUP(A20,Alimentos!$A:$L,3,FALSE)*VLOOKUP(A20,Alimentos!$A:$L,4,FALSE) | H20: =E20/VLOOKUP(D20,Alimentos!$A:$L,3,FALSE)*VLOOKUP(D20,Alimentos!$A:$L,4,FALSE) | I20: =H20-G20 | J20: =E20/VLOOKUP(D20,Alimentos!$A:$L,3,FALSE)*VLOOKUP(D20,Alimentos!$A:$L,5,FALSE) | K20: =E20/VLOOKUP(D20,Alimentos!$A:$L,3,FALSE)*VLOOKUP(D20,Alimentos!$A:$L,6,FALSE) | L20: =E20/VLOOKUP(D20,Alimentos!$A:$L,3,FALSE)*VLOOKUP(D20,Alimentos!$A:$L,7,FALSE) | M20: Pesar bem escorrido.
A21: Arroz branco cozido | B21: 150 | C21: Carboidrato | D21: Mandioca cozida | E21: =B21/VLOOKUP(A21,Alimentos!$A:$L,3,FALSE)*VLOOKUP(A21,Alimentos!$A:$L,IF(C21="Proteína",5,IF(C21="Carboidrato",6,7)),FALSE)/VLOOKUP(D21,Alimentos!$A:$L,IF(C21="Proteína",5,IF(C21="Carboidrato",6,7)),FALSE)*VLOOKUP(D21,Alimentos!$A:$L,3,FALSE) | F21: =VLOOKUP(D21,Alimentos!$A:$L,2,FALSE) | G21: =B21/VLOOKUP(A21,Alimentos!$A:$L,3,FALSE)*VLOOKUP(A21,Alimentos!$A:$L,4,FALSE) | H21: =E21/VLOOKUP(D21,Alimentos!$A:$L,3,FALSE)*VLOOKUP(D21,Alimentos!$A:$L,4,FALSE) | I21: =H21-G21 | J21: =E21/VLOOKUP(D21,Alimentos!$A:$L,3,FALSE)*VLOOKUP(D21,Alimentos!$A:$L,5,FALSE) | K21: =E21/VLOOKUP(D21,Alimentos!$A:$L,3,FALSE)*VLOOKUP(D21,Alimentos!$A:$L,6,FALSE) | L21: =E21/VLOOKUP(D21,Alimentos!$A:$L,3,FALSE)*VLOOKUP(D21,Alimentos!$A:$L,7,FALSE) | M21: Aipim/macaxeira cozida sem óleo.
A22: Arroz branco cozido | B22: 150 | C22: Carboidrato | D22: Macarrão de sêmola cozido | E22: =B22/VLOOKUP(A22,Alimentos!$A:$L,3,FALSE)*VLOOKUP(A22,Alimentos!$A:$L,IF(C22="Proteína",5,IF(C22="Carboidrato",6,7)),FALSE)/VLOOKUP(D22,Alimentos!$A:$L,IF(C22="Proteína",5,IF(C22="Carboidrato",6,7)),FALSE)*VLOOKUP(D22,Alimentos!$A:$L,3,FALSE) | F22: =VLOOKUP(D22,Alimentos!$A:$L,2,FALSE) | G22: =B22/VLOOKUP(A22,Alimentos!$A:$L,3,FALSE)*VLOOKUP(A22,Alimentos!$A:$L,4,FALSE) | H22: =E22/VLOOKUP(D22,Alimentos!$A:$L,3,FALSE)*VLOOKUP(D22,Alimentos!$A:$L,4,FALSE) | I22: =H22-G22 | J22: =E22/VLOOKUP(D22,Alimentos!$A:$L,3,FALSE)*VLOOKUP(D22,Alimentos!$A:$L,5,FALSE) | K22: =E22/VLOOKUP(D22,Alimentos!$A:$L,3,FALSE)*VLOOKUP(D22,Alimentos!$A:$L,6,FALSE) | L22: =E22/VLOOKUP(D22,Alimentos!$A:$L,3,FALSE)*VLOOKUP(D22,Alimentos!$A:$L,7,FALSE) | M22: Pesar cozido; molho contabilizado à parte.
A23: Arroz branco cozido | B23: 150 | C23: Carboidrato | D23: Cuscuz de milho cozido | E23: =B23/VLOOKUP(A23,Alimentos!$A:$L,3,FALSE)*VLOOKUP(A23,Alimentos!$A:$L,IF(C23="Proteína",5,IF(C23="Carboidrato",6,7)),FALSE)/VLOOKUP(D23,Alimentos!$A:$L,IF(C23="Proteína",5,IF(C23="Carboidrato",6,7)),FALSE)*VLOOKUP(D23,Alimentos!$A:$L,3,FALSE) | F23: =VLOOKUP(D23,Alimentos!$A:$L,2,FALSE) | G23: =B23/VLOOKUP(A23,Alimentos!$A:$L,3,FALSE)*VLOOKUP(A23,Alimentos!$A:$L,4,FALSE) | H23: =E23/VLOOKUP(D23,Alimentos!$A:$L,3,FALSE)*VLOOKUP(D23,Alimentos!$A:$L,4,FALSE) | I23: =H23-G23 | J23: =E23/VLOOKUP(D23,Alimentos!$A:$L,3,FALSE)*VLOOKUP(D23,Alimentos!$A:$L,5,FALSE) | K23: =E23/VLOOKUP(D23,Alimentos!$A:$L,3,FALSE)*VLOOKUP(D23,Alimentos!$A:$L,6,FALSE) | L23: =E23/VLOOKUP(D23,Alimentos!$A:$L,3,FALSE)*VLOOKUP(D23,Alimentos!$A:$L,7,FALSE) | M23: Pesar cozido; manteiga contabilizada à parte.
A24: Azeite | B24: 10 | C24: Gordura | D24: Pasta de amendoim integral | E24: =B24/VLOOKUP(A24,Alimentos!$A:$L,3,FALSE)*VLOOKUP(A24,Alimentos!$A:$L,IF(C24="Proteína",5,IF(C24="Carboidrato",6,7)),FALSE)/VLOOKUP(D24,Alimentos!$A:$L,IF(C24="Proteína",5,IF(C24="Carboidrato",6,7)),FALSE)*VLOOKUP(D24,Alimentos!$A:$L,3,FALSE) | F24: =VLOOKUP(D24,Alimentos!$A:$L,2,FALSE) | G24: =B24/VLOOKUP(A24,Alimentos!$A:$L,3,FALSE)*VLOOKUP(A24,Alimentos!$A:$L,4,FALSE) | H24: =E24/VLOOKUP(D24,Alimentos!$A:$L,3,FALSE)*VLOOKUP(D24,Alimentos!$A:$L,4,FALSE) | I24: =H24-G24 | J24: =E24/VLOOKUP(D24,Alimentos!$A:$L,3,FALSE)*VLOOKUP(D24,Alimentos!$A:$L,5,FALSE) | K24: =E24/VLOOKUP(D24,Alimentos!$A:$L,3,FALSE)*VLOOKUP(D24,Alimentos!$A:$L,6,FALSE) | L24: =E24/VLOOKUP(D24,Alimentos!$A:$L,3,FALSE)*VLOOKUP(D24,Alimentos!$A:$L,7,FALSE) | M24: Atenção: adiciona 5 g de proteína e 4 g de carbo.
A25: Azeite | B25: 10 | C25: Gordura | D25: Castanha-do-pará | E25: =B25/VLOOKUP(A25,Alimentos!$A:$L,3,FALSE)*VLOOKUP(A25,Alimentos!$A:$L,IF(C25="Proteína",5,IF(C25="Carboidrato",6,7)),FALSE)/VLOOKUP(D25,Alimentos!$A:$L,IF(C25="Proteína",5,IF(C25="Carboidrato",6,7)),FALSE)*VLOOKUP(D25,Alimentos!$A:$L,3,FALSE) | F25: =VLOOKUP(D25,Alimentos!$A:$L,2,FALSE) | G25: =B25/VLOOKUP(A25,Alimentos!$A:$L,3,FALSE)*VLOOKUP(A25,Alimentos!$A:$L,4,FALSE) | H25: =E25/VLOOKUP(D25,Alimentos!$A:$L,3,FALSE)*VLOOKUP(D25,Alimentos!$A:$L,4,FALSE) | I25: =H25-G25 | J25: =E25/VLOOKUP(D25,Alimentos!$A:$L,3,FALSE)*VLOOKUP(D25,Alimentos!$A:$L,5,FALSE) | K25: =E25/VLOOKUP(D25,Alimentos!$A:$L,3,FALSE)*VLOOKUP(D25,Alimentos!$A:$L,6,FALSE) | L25: =E25/VLOOKUP(D25,Alimentos!$A:$L,3,FALSE)*VLOOKUP(D25,Alimentos!$A:$L,7,FALSE) | M25: Aproximadamente 3 unidades médias.

Sheet Alimentação
A2: Registro diário de alimentação
A3: Consumo confirmado. Quantidades na unidade-base. Sem cálculo = macros desconhecidos, nunca zero.
A5: Data | B5: Refeição | C5: Alimento | D5: Quantidade | E5: Unidade | F5: kcal | G5: Proteína g | H5: Carboidrato g | I5: Gordura g | J5: Fibra g | K5: Medição | L5: Observação | M5: Conferência | N5: ID lançamento | O5: Favorita / versão | P5: Fonte | Q5: Cálculo

Sheet Diário
A2: Resumo diário
A3: Uma linha por dia. Vazio = não informado; zero só quando digitado. Totais escritos pelo script.
A5: Data | B5: Peso kg | C5: Cintura cm | D5: Sono h | E5: Passos | F5: Cardio min | G5: Atividade min | H5: Atividade | I5: Fome 1–5 | J5: Cansaço 1–5 | K5: Dor 0–10 | L5: Registro alimentar | M5: Observações | N5: Objetivo | O5: Meta | P5: Ficha | Q5: kcal | R5: Proteína g | S5: Carboidrato g | T5: Gordura g | U5: Fibra g | V5: Itens sem cálculo | W5: Itens estimados | X5: Treinos | Y5: Estado do dia

Sheet Semanas
A2: Evolução semanal
A3: Uma linha por semana (segunda a domingo), gravada como valores com o objetivo, a meta e a ficha daquela semana.
A5: Início | B5: Fim | C5: Objetivo | D5: Meta | E5: Ficha | F5: Transição na semana | G5: Pesagens | H5: Peso médio 7d | I5: Variação kg | J5: Variação %/sem | K5: Cintura | L5: Variação cintura | M5: Dias com registro | N5: Dias completos | O5: kcal média | P5: Proteína média | Q5: Carboidrato médio | R5: Gordura média | S5: Fibra média | T5: Aderência kcal | U5: Aderência proteína | V5: Aderência gordura | W5: Cobertura alimentar | X5: Itens sem cálculo | Y5: Treinos | Z5: Meta treinos | AA5: Volume work | AB5: Exercícios com progressão | AC5: Sono médio | AD5: Fome média | AE5: Cansaço médio | AF5: Dor máx | AG5: Passos médios | AH5: Cardio min | AI5: Atividades | AJ5: Suficiência de dados | AK5: Situação | AL5: Sinais | AM5: Motivos | AN5: Recomendação | AO5: Motivo da recomendação | AP5: Próxima revisão | AQ5: Calculado em

Sheet Medidas e fotos
A2: Medidas e fotos padronizadas
A3: Cintura semanal; outras medidas e fotos a cada 4 semanas, mesma luz, distância e postura.
A5: Data | B5: Cintura umbigo cm | C5: Quadril cm | D5: Peito cm | E5: Braço direito cm | F5: Coxa direita cm | G5: Frente: link | H5: Lado: link | I5: Costas: link | J5: Condições / observações | K5: Objetivo

Sheet Revisões
A2: Decisões e adaptação
A3: Toda mudança de objetivo, meta ou ficha fica registrada aqui. A planilha não muda metas sozinha.
A5: Data | B5: Área | C5: Observação / motivo | D5: Alteração | E5: Revisor | F5: Status | G5: Próxima revisão | H5: Resultado | I5: Objetivo | J5: Meta | K5: Ficha | L5: Recomendação
A6: 46280 | B6: Ficha inicial | C6: Ficha do chat: Upper 20, Lower 16 e Full Body 19 séries após adaptação. Revisar tolerância junto ao Muay Thai. | D6: Adaptação separada em coluna própria. Não avançar automaticamente para o volume posterior. | E6: Luan | F6: A revisar | K6: F001
A7: 46280 | B7: Dieta inicial | C7: Soma das porções originais com whey e leite podia exceder a faixa proteica. | D7: Proposta atual: frango 100 g nas refeições, whey 10 g no lanche e arroz 200 g; conferir consumo real. | E7: Luan | F7: A revisar | K7: F001
A8: 46293 | B8: Sistema 3.0 | C8: Ambiguidade de séries, unidades e completude | D8: Work sets separadas; ficha F002; unidade explícita; correção/desfazer; favoritas pessoais | E8: Luan / atualização autorizada | F8: Aplicado | I8: O001 | J8: M001 | K8: F002
A9: 46293 | B9: Alimentação | C9: Favoritas pré-configuradas não eram individuais | D9: Favoritas e ingredientes iniciam vazios; históricos alimentares preservados vazios | E9: Luan | F9: Aplicado | I9: O001 | J9: M001 | K9: F002
A10: 46293 | B10: Automação 3.0 | C10: Parcial e retomada; conclusão explícita; sequência contínua; unidades obrigatórias; correção e desfazer; alimentos sem cálculo; Ação rápida no celular. | D10: Testes de fluxo aprovados nos dois projetos; registros temporários removidos. | I10: O001 | J10: M001 | K10: F002

Sheet Alimentos
A2: Base de alimentos e macros
A3: Unidade-base e porção-base definem os nutrientes. Medida caseira é opcional. Não converter ml em g sem densidade.
A5: Alimento único | B5: Unidade-base | C5: Base | D5: kcal | E5: Proteína g | F5: Carboidrato g | G5: Gordura g | H5: Fibra g | I5: Referência | J5: Como medir | K5: Link da fonte | L5: Cadastro válido | M5: Medida caseira | N5: Base por medida | O5: Qualidade da referência
A6: Ovo inteiro cozido | B6: g | C6: 100 | D6: 146 | E6: 13.3 | F6: 0.6 | G6: 9.5 | H6: 0 | I6: TACO 4ª ed.; pelo nome | J6: 50 g sem casca por ovo, estimativa | K6: https://nepa.unicamp.br/wp-content/uploads/sites/27/2023/10/taco_4_edicao_ampliada_e_revisada.pdf | L6: =IF(A6="","",IF(AND(ISNUMBER(C6),C6>0,COUNT(D6:H6)=5),"OK","Rever macros")) | M6: un | N6: 50 | O6: Referência cadastrada — não auditada nesta revisão
A7: Peito de frango cozido | B7: g | C7: 100 | D7: 163 | E7: 31.5 | F7: 0 | G7: 3.2 | H7: 0 | I7: TACO 4ª ed.; pelo nome | J7: Pesar pronto; óleo separado | K7: https://nepa.unicamp.br/wp-content/uploads/sites/27/2023/10/taco_4_edicao_ampliada_e_revisada.pdf | L7: =IF(A7="","",IF(AND(ISNUMBER(C7),C7>0,COUNT(D7:H7)=5),"OK","Rever macros")) | O7: Referência cadastrada — não auditada nesta revisão
A8: Arroz branco cozido | B8: g | C8: 100 | D8: 128 | E8: 2.5 | F8: 28.1 | G8: 0.2 | H8: 1.6 | I8: TACO 4ª ed.; pelo nome | J8: Pesar pronto; óleo separado | K8: https://nepa.unicamp.br/wp-content/uploads/sites/27/2023/10/taco_4_edicao_ampliada_e_revisada.pdf | L8: =IF(A8="","",IF(AND(ISNUMBER(C8),C8>0,COUNT(D8:H8)=5),"OK","Rever macros")) | O8: Referência cadastrada — não auditada nesta revisão
A9: Feijão carioca cozido | B9: g | C9: 100 | D9: 76 | E9: 4.8 | F9: 13.6 | G9: 0.5 | H9: 8.5 | I9: TACO 4ª ed.; pelo nome | J9: Caldo e grãos conforme preparo | K9: https://nepa.unicamp.br/wp-content/uploads/sites/27/2023/10/taco_4_edicao_ampliada_e_revisada.pdf | L9: =IF(A9="","",IF(AND(ISNUMBER(C9),C9>0,COUNT(D9:H9)=5),"OK","Rever macros")) | O9: Referência cadastrada — não auditada nesta revisão
A10: Pão integral | B10: g | C10: 100 | D10: 253 | E10: 9.4 | F10: 49.9 | G10: 3.7 | H10: 6.9 | I10: TACO 4ª ed.; pelo nome | J10: Fatia de 25 g é aproximação; conferir marca | K10: https://nepa.unicamp.br/wp-content/uploads/sites/27/2023/10/taco_4_edicao_ampliada_e_revisada.pdf | L10: =IF(A10="","",IF(AND(ISNUMBER(C10),C10>0,COUNT(D10:H10)=5),"OK","Rever macros")) | M10: fatia | N10: 25 | O10: Referência cadastrada — não auditada nesta revisão
A11: Banana nanica | B11: g | C11: 100 | D11: 92 | E11: 1.4 | F11: 23.8 | G11: 0.1 | H11: 1.9 | I11: TACO 4ª ed.; pelo nome | J11: Sem casca | K11: https://nepa.unicamp.br/wp-content/uploads/sites/27/2023/10/taco_4_edicao_ampliada_e_revisada.pdf | L11: =IF(A11="","",IF(AND(ISNUMBER(C11),C11>0,COUNT(D11:H11)=5),"OK","Rever macros")) | O11: Referência cadastrada — não auditada nesta revisão
A12: Aveia em flocos | B12: g | C12: 100 | D12: 394 | E12: 13.9 | F12: 66.6 | G12: 8.5 | H12: 9.1 | I12: TACO 4ª ed.; pelo nome | J12: Peso seco | K12: https://nepa.unicamp.br/wp-content/uploads/sites/27/2023/10/taco_4_edicao_ampliada_e_revisada.pdf | L12: =IF(A12="","",IF(AND(ISNUMBER(C12),C12>0,COUNT(D12:H12)=5),"OK","Rever macros")) | O12: Referência cadastrada — não auditada nesta revisão
A13: Leite integral (estimativa) | B13: ml | C13: 100 | D13: 61 | E13: 3.2 | F13: 4.7 | G13: 3.3 | H13: 0 | I13: Estimativa genérica | J13: Substituir pelos valores do rótulo | K13: Conferir rótulo / estimativa | L13: =IF(A13="","",IF(AND(ISNUMBER(C13),C13>0,COUNT(D13:H13)=5),"OK","Rever macros")) | O13: Estimativa — conferir rótulo
A14: Whey (rótulo a conferir) | B14: g | C14: 30 | D14: 120 | E14: 23 | F14: 4 | G14: 1.3 | H14: 0 | I14: Estimativa genérica | J14: 30 g de pó. Atualizar ao comprar | K14: Conferir rótulo / estimativa | L14: =IF(A14="","",IF(AND(ISNUMBER(C14),C14>0,COUNT(D14:H14)=5),"OK","Rever macros")) | O14: Estimativa — conferir rótulo
A15: Azeite | B15: g | C15: 100 | D15: 884 | E15: 0 | F15: 0 | G15: 100 | H15: 0 | I15: TACO 4ª ed.; pelo nome | J15: Contabilizar gordura usada no preparo | K15: https://nepa.unicamp.br/wp-content/uploads/sites/27/2023/10/taco_4_edicao_ampliada_e_revisada.pdf | L15: =IF(A15="","",IF(AND(ISNUMBER(C15),C15>0,COUNT(D15:H15)=5),"OK","Rever macros")) | O15: Referência cadastrada — não auditada nesta revisão
A16: Cenoura cozida | B16: g | C16: 100 | D16: 30 | E16: 0.8 | F16: 6.7 | G16: 0.2 | H16: 2.6 | I16: TACO 4ª ed.; pelo nome | J16: Exemplo de legume; substituir pelo consumido | K16: https://nepa.unicamp.br/wp-content/uploads/sites/27/2023/10/taco_4_edicao_ampliada_e_revisada.pdf | L16: =IF(A16="","",IF(AND(ISNUMBER(C16),C16>0,COUNT(D16:H16)=5),"OK","Rever macros")) | O16: Referência cadastrada — não auditada nesta revisão
A17: Laranja pera | B17: g | C17: 100 | D17: 37 | E17: 1 | F17: 8.9 | G17: 0.1 | H17: 0.8 | I17: TACO 4ª ed.; pelo nome | J17: Parte comestível | K17: https://nepa.unicamp.br/wp-content/uploads/sites/27/2023/10/taco_4_edicao_ampliada_e_revisada.pdf | L17: =IF(A17="","",IF(AND(ISNUMBER(C17),C17>0,COUNT(D17:H17)=5),"OK","Rever macros")) | O17: Referência cadastrada — não auditada nesta revisão
A18: Batata inglesa cozida | B18: g | C18: 100 | D18: 52 | E18: 1.2 | F18: 11.9 | G18: 0 | H18: 1.3 | I18: TACO 4ª ed.; pelo nome | J18: Sem óleo | K18: https://nepa.unicamp.br/wp-content/uploads/sites/27/2023/10/taco_4_edicao_ampliada_e_revisada.pdf | L18: =IF(A18="","",IF(AND(ISNUMBER(C18),C18>0,COUNT(D18:H18)=5),"OK","Rever macros")) | O18: Referência cadastrada — não auditada nesta revisão
A19: Batata doce cozida | B19: g | C19: 100 | D19: 77 | E19: 0.6 | F19: 18.4 | G19: 0.1 | H19: 2.2 | I19: TACO 4ª ed.; pelo nome | J19: Sem óleo | K19: https://nepa.unicamp.br/wp-content/uploads/sites/27/2023/10/taco_4_edicao_ampliada_e_revisada.pdf | L19: =IF(A19="","",IF(AND(ISNUMBER(C19),C19>0,COUNT(D19:H19)=5),"OK","Rever macros")) | O19: Referência cadastrada — não auditada nesta revisão
A20: Iogurte natural | B20: g | C20: 100 | D20: 51 | E20: 4.1 | F20: 1.9 | G20: 3 | H20: 0 | I20: TACO 4ª ed.; pelo nome | J20: Conferir rótulo do produto | K20: https://nepa.unicamp.br/wp-content/uploads/sites/27/2023/10/taco_4_edicao_ampliada_e_revisada.pdf | L20: =IF(A20="","",IF(AND(ISNUMBER(C20),C20>0,COUNT(D20:H20)=5),"OK","Rever macros")) | O20: Referência cadastrada — não auditada nesta revisão
A21: Queijo minas frescal | B21: g | C21: 100 | D21: 264 | E21: 17.4 | F21: 3.2 | G21: 20.2 | H21: 0 | I21: TACO 4ª ed.; pelo nome | J21: Pesar porção | K21: https://nepa.unicamp.br/wp-content/uploads/sites/27/2023/10/taco_4_edicao_ampliada_e_revisada.pdf | L21: =IF(A21="","",IF(AND(ISNUMBER(C21),C21>0,COUNT(D21:H21)=5),"OK","Rever macros")) | O21: Referência cadastrada — não auditada nesta revisão
A22: Clara de ovo cozida | B22: g | C22: 100 | D22: 59 | E22: 13.4 | F22: 0 | G22: 0.1 | H22: 0 | I22: TACO 4ª ed.; pelo nome | J22: Sem gema | K22: https://nepa.unicamp.br/wp-content/uploads/sites/27/2023/10/taco_4_edicao_ampliada_e_revisada.pdf | L22: =IF(A22="","",IF(AND(ISNUMBER(C22),C22>0,COUNT(D22:H22)=5),"OK","Rever macros")) | O22: Referência cadastrada — não auditada nesta revisão
... A61: Macarrão integral cozido | B61: g | C61: 100 | D61: 124 | E61: 5.3 | F61: 26.5 | G61: 0.5 | H61: 3.9 | I61: Estimativa genérica | J61: Pesar cozido; molho à parte | K61: Conferir rótulo / estimativa | L61: =IF(A61="","",IF(AND(ISNUMBER(C61),C61>0,COUNT(D61:H61)=5),"OK","Rever macros")) | O61: Estimativa — conferir rótulo
A62: Pão francês | B62: g | C62: 100 | D62: 300 | E62: 8 | F62: 58.6 | G62: 3.1 | H62: 2.3 | I62: TACO 4ª ed.; pelo nome | J62: 1 unidade média tem cerca de 50 g | K62: Tabela TACO Unicamp | L62: =IF(A62="","",IF(AND(ISNUMBER(C62),C62>0,COUNT(D62:H62)=5),"OK","Rever macros")) | M62: un | N62: 50 | O62: Referência cadastrada — não auditada nesta revisão
A63: Pão de forma tradicional | B63: g | C63: 100 | D63: 265 | E63: 8.4 | F63: 51.8 | G63: 2.4 | H63: 2.5 | I63: TACO 4ª ed.; pelo nome | J63: Fatia cerca de 25 g | K63: Tabela TACO Unicamp | L63: =IF(A63="","",IF(AND(ISNUMBER(C63),C63>0,COUNT(D63:H63)=5),"OK","Rever macros")) | M63: fatia | N63: 25 | O63: Referência cadastrada — não auditada nesta revisão
A64: Goma de tapioca hidratada | B64: g | C64: 100 | D64: 242 | E64: 0.3 | F64: 59.8 | G64: 0.2 | H64: 0.6 | I64: TACO 4ª ed.; pelo nome | J64: Pesar a massa crua antes de assar | K64: Tabela TACO Unicamp | L64: =IF(A64="","",IF(AND(ISNUMBER(C64),C64>0,COUNT(D64:H64)=5),"OK","Rever macros")) | O64: Referência cadastrada — não auditada nesta revisão
A65: Cuscuz de milho cozido | B65: g | C65: 100 | D65: 113 | E65: 2.2 | F65: 25.3 | G65: 0.7 | H65: 1.8 | I65: TACO 4ª ed.; pelo nome | J65: Pesar pronto; manteiga à parte | K65: Tabela TACO Unicamp | L65: =IF(A65="","",IF(AND(ISNUMBER(C65),C65>0,COUNT(D65:H65)=5),"OK","Rever macros")) | O65: Referência cadastrada — não auditada nesta revisão
A66: Milho verde cozido | B66: g | C66: 100 | D66: 138 | E66: 3.3 | F66: 28.6 | G66: 2.4 | H66: 3.9 | I66: TACO 4ª ed.; pelo nome | J66: Pesar grãos debulhados | K66: Tabela TACO Unicamp | L66: =IF(A66="","",IF(AND(ISNUMBER(C66),C66>0,COUNT(D66:H66)=5),"OK","Rever macros")) | O66: Referência cadastrada — não auditada nesta revisão
A67: Grão-de-bico cozido | B67: g | C67: 100 | D67: 164 | E67: 8.9 | F67: 27.4 | G67: 2.6 | H67: 5.4 | I67: TACO 4ª ed.; pelo nome | J67: Pesar grãos cozidos escorridos | K67: Tabela TACO Unicamp | L67: =IF(A67="","",IF(AND(ISNUMBER(C67),C67>0,COUNT(D67:H67)=5),"OK","Rever macros")) | O67: Referência cadastrada — não auditada nesta revisão
A68: Ervilha fresca cozida | B68: g | C68: 100 | D68: 81 | E68: 5.4 | F68: 14.5 | G68: 0.4 | H68: 5.1 | I68: TACO 4ª ed.; pelo nome | J68: Pesar cozida escorrida | K68: Tabela TACO Unicamp | L68: =IF(A68="","",IF(AND(ISNUMBER(C68),C68>0,COUNT(D68:H68)=5),"OK","Rever macros")) | O68: Referência cadastrada — não auditada nesta revisão
A69: Soja cozida | B69: g | C69: 100 | D69: 173 | E69: 16.6 | F69: 9.9 | G69: 8.1 | H69: 6 | I69: TACO 4ª ed.; pelo nome | J69: Pesar grãos cozidos | K69: Tabela TACO Unicamp | L69: =IF(A69="","",IF(AND(ISNUMBER(C69),C69>0,COUNT(D69:H69)=5),"OK","Rever macros")) | O69: Referência cadastrada — não auditada nesta revisão
A70: Maçã fuji com casca | B70: g | C70: 100 | D70: 56 | E70: 0.3 | F70: 15.2 | G70: 0 | H70: 1.3 | I70: TACO 4ª ed.; pelo nome | J70: Parte comestível | K70: Tabela TACO Unicamp | L70: =IF(A70="","",IF(AND(ISNUMBER(C70),C70>0,COUNT(D70:H70)=5),"OK","Rever macros")) | O70: Referência cadastrada — não auditada nesta revisão
A71: Banana prata | B71: g | C71: 100 | D71: 98 | E71: 1.3 | F71: 26 | G71: 0.1 | H71: 2 | I71: TACO 4ª ed.; pelo nome | J71: Sem casca | K71: Tabela TACO Unicamp | L71: =IF(A71="","",IF(AND(ISNUMBER(C71),C71>0,COUNT(D71:H71)=5),"OK","Rever macros")) | O71: Referência cadastrada — não auditada nesta revisão
A72: Abacaxi pérola | B72: g | C72: 100 | D72: 48 | E72: 0.9 | F72: 12.3 | G72: 0.1 | H72: 1 | I72: TACO 4ª ed.; pelo nome | J72: Parte comestível picada | K72: Tabela TACO Unicamp | L72: =IF(A72="","",IF(AND(ISNUMBER(C72),C72>0,COUNT(D72:H72)=5),"OK","Rever macros")) | O72: Referência cadastrada — não auditada nesta revisão
A73: Melancia | B73: g | C73: 100 | D73: 33 | E73: 0.9 | F73: 8.1 | G73: 0 | H73: 0.1 | I73: TACO 4ª ed.; pelo nome | J73: Sem casca | K73: Tabela TACO Unicamp | L73: =IF(A73="","",IF(AND(ISNUMBER(C73),C73>0,COUNT(D73:H73)=5),"OK","Rever macros")) | O73: Referência cadastrada — não auditada nesta revisão
A74: Mamão papaia | B74: g | C74: 100 | D74: 40 | E74: 0.5 | F74: 10.4 | G74: 0.1 | H74: 1 | I74: TACO 4ª ed.; pelo nome | J74: Sem casca e sem sementes | K74: Tabela TACO Unicamp | L74: =IF(A74="","",IF(AND(ISNUMBER(C74),C74>0,COUNT(D74:H74)=5),"OK","Rever macros")) | O74: Referência cadastrada — não auditada nesta revisão
A75: Mamão formosa | B75: g | C75: 100 | D75: 45 | E75: 0.8 | F75: 11.6 | G75: 0.1 | H75: 1.8 | I75: TACO 4ª ed.; pelo nome | J75: Sem casca e sem sementes | K75: Tabela TACO Unicamp | L75: =IF(A75="","",IF(AND(ISNUMBER(C75),C75>0,COUNT(D75:H75)=5),"OK","Rever macros")) | O75: Referência cadastrada — não auditada nesta revisão
... A114: Doce de leite tradicional | B114: g | C114: 100 | D114: 315 | E114: 5.5 | F114: 59.5 | G114: 6 | H114: 0 | I114: TACO 4ª ed.; pelo nome | J114: Pesar colher | K114: Tabela TACO Unicamp | L114: =IF(A114="","",IF(AND(ISNUMBER(C114),C114>0,COUNT(D114:H114)=5),"OK","Rever macros")) | O114: Referência cadastrada — não auditada nesta revisão
A115: Ovo inteiro cru | B115: g | C115: 100 | D115: 143 | E115: 13 | F115: 1.6 | G115: 8.9 | H115: 0 | I115: TACO 4ª ed.; pelo nome | J115: Quebrar cru na balança (sem casca); ~50 g por ovo | K115: Tabela TACO Unicamp | L115: =IF(A115="","",IF(AND(ISNUMBER(C115),C115>0,COUNT(D115:H115)=5),"OK","Rever macros")) | M115: un | N115: 50 | O115: Referência cadastrada — não auditada nesta revisão

Sheet Guia
A2: Como usar e referências
A3: Orientações gerais. Nomes, rotinas e metas vêm da Config e das abas de histórico.
A5: Tema | B5: Orientação prática | C5: Fonte / localização
A6: Uso diário | B6: Abra Hoje, confira a data e use o menu Projeto. Campos não informados podem ficar vazios. | C6: Salvar indicadores preserva zero e não preenche ausências.
A7: Favoritas pessoais | B7: Começam vazias. Registre uma refeição sua e use Projeto → Alimentação → Criar favorita com a refeição de hoje. | C7: O cadastro de favorita não lança consumo.
A8: Copiar alimentação | B8: Copie a refeição ou dia que realmente repetiu. Use Alimentação para editar quantidade ou remover item pelo menu. | C8: Repetir a mesma cópia é bloqueado; alterações ficam auditadas.
A9: Treino | B9: Carregue uma sessão, registre somente o que fez e salve parcial ou conclua. | C9: Aquecimento + feeder de 6 reps + 2 work sets 6–10, 0–1 RIR.
A10: Dia completo | B10: Registrou tudo? significa completude do registro, mesmo se comeu fora do plano. | C10: Dias parciais e itens sem cálculo não entram como dia alimentar completo calculável.
A11: Metas | B11: Nova meta cria uma vigência. Valores já salvos no Diário são preservados. | C11: As metas já existentes seguem vigentes; campos opcionais de medidas podem ficar vazios.
A12: Ficha vigente | B12: F002 contém a ficha enviada por Luan em 28/09/2026. F001 foi preservada. | C12: Use Salvar nova ficha para alterações futuras.
A13: Unidades | B13: g, mg e kg convertem entre si; ml e l entre si. un/fatia exigem M/N em Alimentos. | C13: Nunca interpretar 2 ovos como 2 g. Medida caseira é estimativa.
A14: Fotos | B14: Anexe links na aba Medidas e fotos conforme sua rotina. | C14: Não é uma pendência diária obrigatória.
A15: Fora da rotina | B15: Descreva em Hoje!B20 e use Sem cálculo na Ação rápida, ou Registrar refeição sem cálculo no menu. | C15: Sem quantidade conhecida: macros vazios. Não estimar precisão inexistente.
A16: Aderência | B16: Avaliação apenas de dias completos com cálculo; cobertura é mostrada junto das médias. | C16: Durante o dia o estado é Parcial — em andamento.
A17: Retomar | B17: Carregar treino recupera a sessão salva na data. Dias sem uso não bloqueiam o dia atual.
A18: Fontes alimentares | B18: Referências existentes foram preservadas; esta revisão verificou estrutura e unidades. | C18: Cadastro válido não significa fonte nutricional auditada.
A19: Séries de trabalho | B19: Volume e progressão usam apenas Work 1 e Work 2. Aquecimento e feeder ficam registrados à parte. | C19: RIR individual por work set; cargas anteriores são referência, não preenchimento automático.
A20: Correções | B20: Selecione uma linha em Alimentação e use Corrigir quantidade da linha selecionada ou Excluir linha selecionada. | C20: Desfazer última alteração restaura registros pelo menu Projeto.
A21: Rotação | B21: Breno: Upper → Lower → Full Body.
A22: Automação | B22: Menu Projeto funciona no Google Sheets pelo Apps Script vinculado. | C22: No celular, use a caixa Ação rápida em Hoje; as células são salvas pelo Sheets.
A23: Créditos | B23: O preenchimento, os cálculos e os comandos desta planilha usam Apps Script, sem chamadas a modelos de IA. | C23: O futuro app/bot pode reutilizar as mesmas regras.

Sheet Metas
A2: Metas por vigência
A3: Uma linha por versão da meta. Carboidrato, TMB e gasto estimado ficam gravados com a meta.
A5: Início | B5: ID | C5: kcal | D5: Proteína g | E5: Gordura g | F5: Carboidrato g | G5: Treinos/sem | H5: Proteína mín | I5: Proteína máx | J5: Tolerância kcal | K5: Tolerância gordura | L5: Motivo | M5: Objetivo | N5: Fim | O5: Status | P5: Fibra g | Q5: Cardio/sem | R5: Atividades/sem | S5: Passos/dia | T5: TMB kcal | U5: Método TMB | V5: Fator de atividade | W5: Gasto estimado kcal | X5: Revisor
A6: 46293 | B6: M001 | C6: 2400 | D6: 140 | E6: 65 | F6: 313.75 | G6: 3 | H6: 135 | I6: 145 | J6: 0.05 | K6: 0.15 | L6: Referência inicial dos chats; início real 28/09/2026 (a 3.0 usava 01/01/1900 como vigência técnica). | M6: O001 | O6: Vigente | Q6: 0 | R6: 2 | T6: 1673.75 | U6: Mifflin-St Jeor | V6: 1.55 | W6: 2594.31 | X6: Luan

Sheet Exercícios
A2: Cadastro de exercícios
A3: Um exercício por linha. Mantenha sempre o mesmo critério de carga.
A5: Exercício | B5: Grupo | C5: Convenção de carga
A6: Supino inclinado | B6: Peito | C6: Carga total ou por halter: escolher e manter sempre o mesmo critério | F6: Upper
A7: Puxada aberta | B7: Costas | C7: Carga total ou por halter: escolher e manter sempre o mesmo critério | F7: Lower
A8: Remada articulada | B8: Costas | C8: Carga total ou por halter: escolher e manter sempre o mesmo critério | F8: Full Body
A9: Supino reto máquina | B9: Peito | C9: Carga total ou por halter: escolher e manter sempre o mesmo critério
A10: Elevação lateral | B10: Ombros | C10: Carga total ou por halter: escolher e manter sempre o mesmo critério
A11: Crucifixo inverso | B11: Ombros | C11: Carga total ou por halter: escolher e manter sempre o mesmo critério
A12: Rosca Scott | B12: Bíceps | C12: Carga total ou por halter: escolher e manter sempre o mesmo critério
A13: Tríceps corda | B13: Tríceps | C13: Carga total ou por halter: escolher e manter sempre o mesmo critério
A14: Hack / agachamento orientado | B14: Quadríceps | C14: Carga total ou por halter: escolher e manter sempre o mesmo critério
A15: Leg press | B15: Quadríceps | C15: Carga total ou por halter: escolher e manter sempre o mesmo critério
A16: Stiff orientado | B16: Posteriores | C16: Carga total ou por halter: escolher e manter sempre o mesmo critério
A17: Mesa flexora | B17: Posteriores | C17: Carga total ou por halter: escolher e manter sempre o mesmo critério
A18: Panturrilha | B18: Panturrilhas | C18: Carga total ou por halter: escolher e manter sempre o mesmo critério
A19: Abdominal na polia | B19: Abdômen | C19: Carga total ou por halter: escolher e manter sempre o mesmo critério
A20: Supino inclinado halteres | B20: Peito | C20: Carga total ou por halter: escolher e manter sempre o mesmo critério
... A44: Supino inclinado com halteres | B44: Peito | C44: kg por halter; manter o mesmo critério

Sheet Fichas
A2: Fichas preservadas por versão
A3: Uma linha por exercício de cada versão. A versão vigente aparece em Ficha de treino.
A5: Versão | B5: Vigência | C5: Sessão | D5: Exercício | E5: Grupo | F5: Work sets adaptação | G5: Work sets regular | H5: Reps work mín | I5: Reps work máx | J5: RIR work adaptação | K5: RIR work regular | L5: Descanso s | M5: Alternativa | N5: Revisão | O5: Observações | P5: Início | Q5: Fim | R5: Status
A6: F001 | B6: 46280 | C6: Upper | D6: Supino inclinado | E6: Peito | F6: 2 | G6: 3 | H6: 6 | I6: 10 | J6: 3 | K6: 2 | L6: 150 | M6: Supino inclinado máquina | N6: A revisar | O6: Primeiras 2 semanas: 2 séries. Coluna de 3 séries depende da recuperação. | P6: 46280 | Q6: 46292 | R6: Encerrada
A7: F001 | B7: 46280 | C7: Upper | D7: Puxada aberta | E7: Costas | F7: 2 | G7: 3 | H7: 8 | I7: 12 | J7: 3 | K7: 2 | L7: 150 | M7: Puxada neutra | N7: A revisar | O7: Primeiras 2 semanas: 2 séries. Coluna de 3 séries depende da recuperação. | P7: 46280 | Q7: 46292 | R7: Encerrada
A8: F001 | B8: 46280 | C8: Upper | D8: Remada articulada | E8: Costas | F8: 2 | G8: 3 | H8: 8 | I8: 12 | J8: 3 | K8: 2 | L8: 150 | M8: Remada baixa | N8: A revisar | O8: Primeiras 2 semanas: 2 séries. Coluna de 3 séries depende da recuperação. | P8: 46280 | Q8: 46292 | R8: Encerrada
A9: F001 | B9: 46280 | C9: Upper | D9: Supino reto máquina | E9: Peito | F9: 2 | G9: 2 | H9: 8 | I9: 12 | J9: 3 | K9: 2 | L9: 150 | M9: Supino com halteres | N9: A revisar | O9: Primeiras 2 semanas: 2 séries. Coluna de 3 séries depende da recuperação. | P9: 46280 | Q9: 46292 | R9: Encerrada
A10: F001 | B10: 46280 | C10: Upper | D10: Elevação lateral | E10: Ombros | F10: 2 | G10: 3 | H10: 12 | I10: 15 | J10: 3 | K10: 2 | L10: 120 | M10: Elevação lateral na polia | N10: A revisar | O10: Primeiras 2 semanas: 2 séries. Coluna de 3 séries depende da recuperação. | P10: 46280 | Q10: 46292 | R10: Encerrada
A11: F001 | B11: 46280 | C11: Upper | D11: Crucifixo inverso | E11: Ombros | F11: 2 | G11: 2 | H11: 12 | I11: 15 | J11: 3 | K11: 2 | L11: 120 | M11: Peck deck inverso | N11: A revisar | O11: Primeiras 2 semanas: 2 séries. Coluna de 3 séries depende da recuperação. | P11: 46280 | Q11: 46292 | R11: Encerrada
A12: F001 | B12: 46280 | C12: Upper | D12: Rosca Scott | E12: Bíceps | F12: 2 | G12: 2 | H12: 8 | I12: 12 | J12: 3 | K12: 2 | L12: 120 | M12: Rosca alternada | N12: A revisar | O12: Primeiras 2 semanas: 2 séries. Coluna de 3 séries depende da recuperação. | P12: 46280 | Q12: 46292 | R12: Encerrada
A13: F001 | B13: 46280 | C13: Upper | D13: Tríceps corda | E13: Tríceps | F13: 2 | G13: 2 | H13: 8 | I13: 12 | J13: 3 | K13: 2 | L13: 120 | M13: Tríceps francês | N13: A revisar | O13: Primeiras 2 semanas: 2 séries. Coluna de 3 séries depende da recuperação. | P13: 46280 | Q13: 46292 | R13: Encerrada
A14: F001 | B14: 46280 | C14: Lower | D14: Hack / agachamento orientado | E14: Quadríceps | F14: 2 | G14: 3 | H14: 6 | I14: 10 | J14: 3 | K14: 2 | L14: 150 | M14: Leg press | N14: A revisar | O14: Primeiras 2 semanas: 2 séries. Coluna de 3 séries depende da recuperação. | P14: 46280 | Q14: 46292 | R14: Encerrada
A15: F001 | B15: 46280 | C15: Lower | D15: Leg press | E15: Quadríceps | F15: 2 | G15: 3 | H15: 8 | I15: 12 | J15: 3 | K15: 2 | L15: 150 | M15: Cadeira extensora | N15: A revisar | O15: Primeiras 2 semanas: 2 séries. Coluna de 3 séries depende da recuperação. | P15: 46280 | Q15: 46292 | R15: Encerrada
A16: F001 | B16: 46280 | C16: Lower | D16: Stiff orientado | E16: Posteriores | F16: 2 | G16: 3 | H16: 8 | I16: 12 | J16: 3 | K16: 2 | L16: 150 | M16: Levantamento romeno halteres | N16: A revisar | O16: Primeiras 2 semanas: 2 séries. Coluna de 3 séries depende da recuperação. | P16: 46280 | Q16: 46292 | R16: Encerrada
A17: F001 | B17: 46280 | C17: Lower | D17: Mesa flexora | E17: Posteriores | F17: 2 | G17: 2 | H17: 10 | I17: 15 | J17: 3 | K17: 2 | L17: 150 | M17: Flexora sentada | N17: A revisar | O17: Primeiras 2 semanas: 2 séries. Coluna de 3 séries depende da recuperação. | P17: 46280 | Q17: 46292 | R17: Encerrada
... A27: F001 | B27: 46280 | C27: Full Body | D27: Tríceps corda | E27: Tríceps | F27: 2 | G27: 2 | H27: 10 | I27: 15 | J27: 3 | K27: 2 | L27: 120 | M27: Tríceps francês | N27: A revisar | O27: Primeiras 2 semanas: 2 séries. Coluna de 3 séries depende da recuperação. | P27: 46280 | Q27: 46292 | R27: Encerrada
A28: F002 | B28: 46293 | C28: Upper | D28: Supino inclinado | E28: Peito | F28: 2 | G28: 2 | H28: 6 | I28: 10 | J28: 1 | K28: 1 | L28: 150 | M28: Supino inclinado máquina | N28: Confirmado por Luan | O28: 1 aquecimento + 1 feeder de 6 reps longe da falha + 2 work sets de 6–10 reps, 0–1 RIR. | P28: 46293 | R28: Vigente
A29: F002 | B29: 46293 | C29: Upper | D29: Puxada aberta | E29: Costas | F29: 2 | G29: 2 | H29: 6 | I29: 10 | J29: 1 | K29: 1 | L29: 150 | N29: Confirmado por Luan | O29: 1 aquecimento + 1 feeder de 6 reps longe da falha + 2 work sets de 6–10 reps, 0–1 RIR. | P29: 46293 | R29: Vigente
A30: F002 | B30: 46293 | C30: Upper | D30: Remada baixa com triângulo | E30: Costas | F30: 2 | G30: 2 | H30: 6 | I30: 10 | J30: 1 | K30: 1 | L30: 150 | N30: Confirmado por Luan | O30: 1 aquecimento + 1 feeder de 6 reps longe da falha + 2 work sets de 6–10 reps, 0–1 RIR. | P30: 46293 | R30: Vigente
A31: F002 | B31: 46293 | C31: Upper | D31: Supino reto na máquina | E31: Peito | F31: 2 | G31: 2 | H31: 6 | I31: 10 | J31: 1 | K31: 1 | L31: 150 | N31: Confirmado por Luan | O31: 1 aquecimento + 1 feeder de 6 reps longe da falha + 2 work sets de 6–10 reps, 0–1 RIR. | P31: 46293 | R31: Vigente
A32: F002 | B32: 46293 | C32: Upper | D32: Elevação lateral | E32: Ombros | F32: 2 | G32: 2 | H32: 6 | I32: 10 | J32: 1 | K32: 1 | L32: 120 | N32: Confirmado por Luan | O32: 1 aquecimento + 1 feeder de 6 reps longe da falha + 2 work sets de 6–10 reps, 0–1 RIR. | P32: 46293 | R32: Vigente
A33: F002 | B33: 46293 | C33: Upper | D33: Crucifixo inverso | E33: Ombros | F33: 2 | G33: 2 | H33: 6 | I33: 10 | J33: 1 | K33: 1 | L33: 120 | M33: Peck deck reverso | N33: Confirmado por Luan | O33: 1 aquecimento + 1 feeder de 6 reps longe da falha + 2 work sets de 6–10 reps, 0–1 RIR. | P33: 46293 | R33: Vigente
A34: F002 | B34: 46293 | C34: Upper | D34: Rosca Scott | E34: Bíceps | F34: 2 | G34: 2 | H34: 6 | I34: 10 | J34: 1 | K34: 1 | L34: 120 | N34: Confirmado por Luan | O34: 1 aquecimento + 1 feeder de 6 reps longe da falha + 2 work sets de 6–10 reps, 0–1 RIR. | P34: 46293 | R34: Vigente
A35: F002 | B35: 46293 | C35: Upper | D35: Tríceps na corda | E35: Tríceps | F35: 2 | G35: 2 | H35: 6 | I35: 10 | J35: 1 | K35: 1 | L35: 120 | N35: Confirmado por Luan | O35: 1 aquecimento + 1 feeder de 6 reps longe da falha + 2 work sets de 6–10 reps, 0–1 RIR. | P35: 46293 | R35: Vigente
A36: F002 | B36: 46293 | C36: Lower | D36: Agachamento orientado | E36: Quadríceps | F36: 2 | G36: 2 | H36: 6 | I36: 10 | J36: 1 | K36: 1 | L36: 150 | N36: Confirmado por Luan | O36: 1 aquecimento + 1 feeder de 6 reps longe da falha + 2 work sets de 6–10 reps, 0–1 RIR. | P36: 46293 | R36: Vigente
A37: F002 | B37: 46293 | C37: Lower | D37: Leg press | E37: Quadríceps | F37: 2 | G37: 2 | H37: 6 | I37: 10 | J37: 1 | K37: 1 | L37: 150 | N37: Confirmado por Luan | O37: 1 aquecimento + 1 feeder de 6 reps longe da falha + 2 work sets de 6–10 reps, 0–1 RIR. | P37: 46293 | R37: Vigente
A38: F002 | B38: 46293 | C38: Lower | D38: Stiff orientado | E38: Posteriores | F38: 2 | G38: 2 | H38: 6 | I38: 10 | J38: 1 | K38: 1 | L38: 150 | N38: Confirmado por Luan | O38: 1 aquecimento + 1 feeder de 6 reps longe da falha + 2 work sets de 6–10 reps, 0–1 RIR. | P38: 46293 | R38: Vigente
A39: F002 | B39: 46293 | C39: Lower | D39: Mesa flexora | E39: Posteriores | F39: 2 | G39: 2 | H39: 6 | I39: 10 | J39: 1 | K39: 1 | L39: 150 | N39: Confirmado por Luan | O39: 1 aquecimento + 1 feeder de 6 reps longe da falha + 2 work sets de 6–10 reps, 0–1 RIR. | P39: 46293 | R39: Vigente
A40: F002 | B40: 46293 | C40: Lower | D40: Panturrilha em pé | E40: Panturrilhas | F40: 2 | G40: 2 | H40: 6 | I40: 10 | J40: 1 | K40: 1 | L40: 120 | M40: Panturrilha sentado | N40: Confirmado por Luan | O40: 1 aquecimento + 1 feeder de 6 reps longe da falha + 2 work sets de 6–10 reps, 0–1 RIR. | P40: 46293 | R40: Vigente
A41: F002 | B41: 46293 | C41: Lower | D41: Abdominal na polia | E41: Abdômen | F41: 2 | G41: 2 | H41: 6 | I41: 10 | J41: 1 | K41: 1 | L41: 120 | N41: Confirmado por Luan | O41: 1 aquecimento + 1 feeder de 6 reps longe da falha + 2 work sets de 6–10 reps, 0–1 RIR. | P41: 46293 | R41: Vigente
A42: F002 | B42: 46293 | C42: Full Body | D42: Leg press | E42: Quadríceps | F42: 2 | G42: 2 | H42: 6 | I42: 10 | J42: 1 | K42: 1 | L42: 150 | N42: Confirmado por Luan | O42: 1 aquecimento + 1 feeder de 6 reps longe da falha + 2 work sets de 6–10 reps, 0–1 RIR. | P42: 46293 | R42: Vigente
A43: F002 | B43: 46293 | C43: Full Body | D43: Supino inclinado com halteres | E43: Peito | F43: 2 | G43: 2 | H43: 6 | I43: 10 | J43: 1 | K43: 1 | L43: 150 | N43: Confirmado por Luan | O43: 1 aquecimento + 1 feeder de 6 reps longe da falha + 2 work sets de 6–10 reps, 0–1 RIR. | P43: 46293 | R43: Vigente
A44: F002 | B44: 46293 | C44: Full Body | D44: Puxada aberta | E44: Costas | F44: 2 | G44: 2 | H44: 6 | I44: 10 | J44: 1 | K44: 1 | L44: 150 | N44: Confirmado por Luan | O44: 1 aquecimento + 1 feeder de 6 reps longe da falha + 2 work sets de 6–10 reps, 0–1 RIR. | P44: 46293 | R44: Vigente
A45: F002 | B45: 46293 | C45: Full Body | D45: Remada com apoio | E45: Costas | F45: 2 | G45: 2 | H45: 6 | I45: 10 | J45: 1 | K45: 1 | L45: 150 | M45: Máquina disponível; confirmar execução com Luan | N45: Confirmado por Luan | O45: 1 aquecimento + 1 feeder de 6 reps longe da falha + 2 work sets de 6–10 reps, 0–1 RIR. | P45: 46293 | R45: Vigente
A46: F002 | B46: 46293 | C46: Full Body | D46: Elevação lateral | E46: Ombros | F46: 2 | G46: 2 | H46: 6 | I46: 10 | J46: 1 | K46: 1 | L46: 120 | N46: Confirmado por Luan | O46: 1 aquecimento + 1 feeder de 6 reps longe da falha + 2 work sets de 6–10 reps, 0–1 RIR. | P46: 46293 | R46: Vigente
A47: F002 | B47: 46293 | C47: Full Body | D47: Crucifixo inverso | E47: Ombros | F47: 2 | G47: 2 | H47: 6 | I47: 10 | J47: 1 | K47: 1 | L47: 120 | M47: Peck deck reverso | N47: Confirmado por Luan | O47: 1 aquecimento + 1 feeder de 6 reps longe da falha + 2 work sets de 6–10 reps, 0–1 RIR. | P47: 46293 | R47: Vigente
A48: F002 | B48: 46293 | C48: Full Body | D48: Rosca alternada | E48: Bíceps | F48: 2 | G48: 2 | H48: 6 | I48: 10 | J48: 1 | K48: 1 | L48: 120 | N48: Confirmado por Luan | O48: 1 aquecimento + 1 feeder de 6 reps longe da falha + 2 work sets de 6–10 reps, 0–1 RIR. | P48: 46293 | R48: Vigente
A49: F002 | B49: 46293 | C49: Full Body | D49: Tríceps na corda | E49: Tríceps | F49: 2 | G49: 2 | H49: 6 | I49: 10 | J49: 1 | K49: 1 | L49: 120 | N49: Confirmado por Luan | O49: 1 aquecimento + 1 feeder de 6 reps longe da falha + 2 work sets de 6–10 reps, 0–1 RIR. | P49: 46293 | R49: Vigente

Sheet Favoritas
A2: Refeições prontas para lançar
A3: Use Criar favorita da refeição depois de registrar uma refeição.
A5: Favorita | B5: Versão | C5: kcal | D5: Proteína g | E5: Carboidrato g | F5: Gordura g | G5: Fibra g | H5: Observação

Sheet Ingredientes
A2: Ingredientes das favoritas
A3: Quantidade sempre na unidade-base do alimento.
A5: Favorita | B5: Alimento | C5: Quantidade | D5: Unidade | E5: kcal | F5: Proteína g | G5: Carboidrato g | H5: Gordura g | I5: Fibra g | J5: Conferência

Sheet Log
A2: Registro de alterações
A3: Usado por Desfazer. Uma linha por linha/célula alterada; linhas com o mesmo ID ação formam uma ação.
A5: Quando | B5: ID ação | C5: Ação | D5: Aba | E5: Linha | F5: Tipo | G5: Antes (JSON) | H5: Depois (JSON) | I5: Desfeito
A6: 46294.5 | B6: mumsz1c090e2 | C6: Migrar 3.0 → 4.0 | D6: Metas | F6: Estrutura | H6: {"op":"renameSheet","from":"Histórico de metas","to":"Metas"}
A7: 46294.5 | B7: mumsz1c090e2 | C7: Migrar 3.0 → 4.0 | D7: Fichas | F7: Estrutura | H7: {"op":"renameSheet","from":"Histórico de fichas","to":"Fichas"}
A8: 46294.5 | B8: mumsz1c090e2 | C8: Migrar 3.0 → 4.0 | D8: Config | F8: Estrutura | H8: {"op":"renameSheet","from":"Macros e perfil","to":"Config"}
A9: 46294.5 | B9: mumsz1c090e2 | C9: Migrar 3.0 → 4.0 | D9: Guia | F9: Estrutura | H9: {"op":"renameSheet","from":"Guia e fontes","to":"Guia"}
A10: 46294.5 | B10: mumsz1c090e2 | C10: Migrar 3.0 → 4.0 | D10: Evolução | F10: Estrutura | H10: {"op":"insertSheet","name":"Evolução"}
A11: 46294.5 | B11: mumsz1c090e2 | C11: Migrar 3.0 → 4.0 | D11: Objetivos | F11: Estrutura | H11: {"op":"insertSheet","name":"Objetivos"}
A12: 46294.5 | B12: mumsz1c090e2 | C12: Migrar 3.0 → 4.0 | D12: Auditoria | F12: Estrutura | H12: {"op":"insertSheet","name":"Auditoria"}
A13: 46294.5 | B13: mumsz1c090e2 | C13: Migrar 3.0 → 4.0 | D13: Config | F13: Células | G13: {"A2":"Projeto Breno : perfil e referências iniciais","A3":"Para mudar metas após o início, use Nova meta na tela Hoje. O histórico preserva os dias já salvos.","A5":"Parâmetro","B5":"Valor editável","C5":"Unidade / critério","D5":"Origem e pendência","E5":"","A6":"Nome","B6":"Breno","D6":"Informado no chat","A7":"Idade","B7":24,"C7":"anos","D7":"24 no cadastro; confirmar quando oportuno.","E7":"","A8":"Altura","B8":1.79,"C8":"m","D8":"Informado","E8":"","A9":"Peso inicial","B9":67,"C9":"kg","D9":"Informado; não é medição datada","E9":"","A10":"Início do acompanhamento","B10":{"$d":"2026-09-21T03:00:00.000Z"},"C10":"data","D10":"Data do primeiro registro. O histórico usa datas reais.","E10":"","A11":"Meta de musculação","B11":3,"C11":"sessões/semana","D11":"Ajustar se a recuperação exigir","E11":"","A12":"Muay Thai","B12":2,"C12":"sessões/semana","D12":"Dias exatos a confirmar","E12":"","A13":"Cardio extra","B13":0,"C13":"sessões/semana","D13":"Sem cardio extra inicialmente","E13":"","A14":"Proteína de referência","B14":140,"C14":"g/dia","D14":"Referência inicial. Metas vigentes e alterações ficam em Histórico de metas.","E14":"","A15":"Proteína faixa inferior","B15":135,"C15":"g/dia","D15":"Faixa discutida no chat","E15":"","A16":"Proteína faixa superior","B16":145,"C16":"g/dia","D16":"Faixa discutida no chat","A17":"Energia de referência","B17":2400,"C17":"kcal/dia","D17":"Referência inicial; novas metas devem ser criadas pelo botão Nova meta.","E17":"","A18":"Gordura de referência","B18":65,"C18":"g/dia","D18":"Faixa discutida: 60–70 g/dia","E18":"","A19":"Carboidrato de referência","B19":{"$f":"=IF(OR(B17=\"\",B18=\"\",B14=\"\"),\"\",(B17-4*B14-9*B18)/4)"},"C19":"g/dia","D19":"Calculado pelo saldo de energia após proteína e gordura","E19":"","A20":"Proteína / peso inicial","B20":{"$f":"=IF(OR(B9=\"\",B14=\"\"),\"\",B14/B9)"},"C20":"g/kg/dia","D20":"Calculado a partir da referência, sem estimar gasto","E20":"","A21":"Creatina planejada","B21":"","C21":"g/dia","D21":"Uso não confirmado no chat do Breno","E21":"","A22":"Início da creatina","B22":"","C22":"data","D22":"Ajuda a interpretar mudanças de água corporal","E22":"","A23":"Saúde","B23":"Não informado","D23":"Relato, não avaliação clínica","A24":"Tabagismo","B24":"Não informado","C24":"","D24":"Não informado para Breno.","E24":"","A25":"Rotina","B25":"Pouca caminhada","C25":"","D25":"Rotina individual do Breno.","E25":"","A26":"Objetivo","B26":"Recomposição corporal","D26":"Ganhar músculo e acompanhar cintura, desempenho e recuperação","A27":"Status da ficha","B27":"F002 — vigente desde 28/09/2026","C27":"","D27":"Luan revisa exercícios, séries e recuperação","E27":"","A28":"Revisor","B28":"Luan","C28":"","D28":"Preencher data de revisão na aba Revisões","E28":"","A29":"Versão","B29":"3.0 — Google Sheets / work sets","C29":"","D29":"Criada em 15/09/2026","E29":"","A30":"Semanas disponíveis","B30":"Expansível","C30":"semanas","D30":"Tabelas crescem ao salvar. Cadastros: use Tab na última célula da tabela.","E30":"","A31":"","B31":"","C31":"","D31":"","E31":"","A32":"","B32":"","C32":"","D32":"","E32":"","A33":"Total da dieta base","B33":"Calculado","C33":"Unidade","D33":"Leitura","E33":"","A34":"Energia proposta","B34":{"$f":"='Dieta base'!E31"},"C34":"kcal","D34":"Comparar com referência inicial de 2.400 kcal.","E34":"","A35":"Proteína proposta","B35":{"$f":"='Dieta base'!F31"},"C35":"g","D35":"","E35":"","A36":"Carboidrato proposto","B36":{"$f":"='Dieta base'!G31"},"C36":"g","D36":"","E36":"","A37":"Gordura proposta","B37":{"$f":"='Dieta base'!H31"},"C37":"g","D37":"","E37":"","A38":"Fibra proposta","B38":{"$f":"='Dieta base'!I31"},"C38":"g","D38":"Aumentar fibras gradualmente conforme tolerância digestiva.","E38":"","A39":"","B39":"","C39":"","D39":"","E39":"","B40":"","A41":"","B41":"","E41":"","A42":"","B42":"","E42":"","A43":"","B43":"","C43":"","D43":"","E43":""} | H13: {"A2":"Configuração","A3":"Perfil, rotina e limites da análise. Edite só a coluna Valor. Objetivo, meta e ficha atuais vêm das abas de histórico.","A5":"Chave","B5":"Parâmetro","C5":"Valor","D5":"Unidade","E5":"Descrição","A6":"","B6":"Perfil","D6":"","A7":"client.name","B7":"Nome","C7":"Breno","D7":"","E7":"Nome exibido nos títulos e no Painel.","A8":"client.sex","B8":"Sexo (TMB)","C8":"M","D8":"M/F","E8":"Usado só na equação de TMB (Mifflin-St Jeor).","A9":"client.birthDate","B9":"Data de nascimento","C9":"","D9":"data","E9":"Se preenchida, a idade é calculada na data de cada meta.","A10":"client.age","B10":"Idade","C10":24,"D10":"anos","E10":"Usada quando a data de nascimento não foi informada.","A11":"client.heightCm","B11":"Altura","C11":179,"D11":"cm","E11":"Altura em centímetros.","A12":"client.startWeightKg","B12":"Peso inicial","C12":67,"D12":"kg","E12":"Peso no início do acompanhamento (referência, não medição datada).","A13":"client.startDate","B13":"Início do acompanhamento","C13":{"$d":"2026-09-21T03:00:00.000Z"},"D13":"data","E13":"Data do primeiro registro.","A14":"client.reviewer","B14":"Revisor","C14":"Luan","D14":"","E14":"Quem revisa metas, fichas e fases.","A15":"client.notes","B15":"Observações do perfil","C15":"Saúde: não informado (relato, não avaliação clínica). Tabagismo: não informado. Rotina: pouca caminhada. Creatina: uso não confirmado.","D15":"","E15":"Saúde, suplementos, rotina e outros fatos relatados (não é avaliação clínica).","A16":"","B16":"Rotina","C16":"","D16":"","A17":"routine.strengthPerWeek","B17":"Musculação","C17":3,"D17":"sessões/semana","E17":"Treinos de musculação planejados por semana.","A18":"routine.cardioPerWeek","B18":"Cardio","C18":0,"D18":"sessões/semana","E18":"Sessões de cardio planejadas por semana.","A19":"routine.activities","B19":"Atividades","C19":"Muay Thai","D19":"","E19":"Outras atividades (ex.: luta, corrida).","A20":"routine.activitiesPerWeek","B20":"Atividades por semana","C20":2,"D20":"sessões/semana","E20":"Sessões das outras atividades por semana.","A21":"routine.sessionRotation","B21":"Rotação de sessões","C21":"Upper, Lower, Full Body","D21":"lista","E21":"Sessões da ficha em ordem, separadas por vírgula.","A22":"routine.rotationMode","B22":"Modo da rotação","C22":"continuous","D22":"","E22":"continuous = próxima sessão após a última concluída; weekly = recomeça toda semana.","A23":"","B23":"Energia","D23":"","A24":"energy.bmrMethod","B24":"Método da TMB","C24":"mifflin","D24":"","E24":"Equação usada para a taxa metabólica basal.","A25":"energy.activityFactor","B25":"Fator de atividade","C25":1.55,"D25":"×","E25":"Multiplica a TMB para o gasto estimado. Estimativa: revisar.","A26":"","B26":"Análise","D26":"","A27":"analysis.weightTrendDays","B27":"Dias da média de peso","C27":7,"D27":"dias","E27":"Janela da média móvel de peso.","A28":"analysis.minWeighInsPerWeek","B28":"Pesagens mínimas","C28":3,"D28":"por semana","E28":"Abaixo disso a tendência de peso é dados insuficientes.","A29":"analysis.minCompleteFoodDays","B29":"Dias completos mínimos","C29":4,"D29":"por semana","E29":"Dias com alimentação completa para avaliar a dieta.","A30":"analysis.kcalTolerance","B30":"Tolerância kcal","C30":0.05,"D30":"fração","E30":"Faixa aceita em torno da meta de kcal (0,05 = ±5%).","A31":"analysis.fatTolerance","B31":"Tolerância gordura","C31":0.15,"D31":"fração","E31":"Faixa aceita em torno da meta de gordura.","A32":"analysis.waistNoiseCm","B32":"Ruído da cintura","C32":0.5,"D32":"cm","E32":"Variações menores são tratadas como estáveis.","A33":"analysis.weightNoisePctPerWeek","B33":"Ruído do peso","C33":0.25,"D33":"%/semana","E33":"Variações menores são tratadas como peso estável.","A34":"analysis.sleepMinH","B34":"Sono mínimo","C34":7,"D34":"h","E34":"Média abaixo disso gera sinal de sono baixo.","A35":"analysis.fatigueHigh","B35":"Cansaço alto","C35":4,"D35":"1–5","E35":"Média a partir disso gera sinal de fadiga alta.","A36":"analysis.hungerHigh","B36":"Fome alta","C36":4,"D36":"1–5","E36":"Média a partir disso gera sinal de fome alta.","A37":"analysis.painHigh","B37":"Dor alta","C37":4,"D37":"0–10","E37":"Máximo a partir disso gera sinal de dor alta.","A38":"analysis.reviewEveryDays","B38":"Intervalo de revisão","C38":7,"D38":"dias","E38":"Próxima revisão sugerida após uma decisão.","A39":"analysis.minWeeksForPhaseReview","B39":"Semanas mínimas por fase","C39":8,"D39":"semanas","E39":"Antes disso não se sugere revisar objetivo/fase por sucesso.","B40":"Sistema","A41":"system.schemaVersion","B41":"Versão do esquema","E41":"Gravada pela migração/configuração inicial. Não editar.","A42":"system.timezone","B42":"Fuso horário","E42":"Vazio = fuso do projeto do Apps Script.","A43":"system.otherClientNames","B43":"Outros clientes (auditoria)","C43":"Zoio","D43":"lista","E43":"Nomes de outras pessoas acompanhadas com esta planilha-modelo; a auditoria aponta textos que os mencionem."}
A14: 46294.5 | B14: mumsz1c090e2 | C14: Migrar 3.0 → 4.0 | D14: Progressão | F14: Células | G14: {"A3":"","A7":"Compare apenas work sets do mesmo exercício e critério de carga. Atualize pelo menu Projeto.","A9":"Data","B9":"Ficha","C9":"Exercício","D9":"Work 1 kg","E9":"Work 1 reps","F9":"Work 2 kg","G9":"Work 2 reps","H9":"Volume work","I9":"Work sets","J9":"RIR work 1","K9":"RIR work 2","L9":"Sessão","M9":"Estado","N9":"Leitura","A33":"Compare mesmo equipamento, amplitude e RIR. O volume é carga × repetições, não uma medida isolada de progresso.","B5":"","C5":"","D5":"","E5":"","F5":"","G5":"","H5":"","I5":""} | H14: {"A3":"Gerado pelo script a partir do Registro de treino. Só work sets contam.","A7":"","A9":"","B9":"","C9":"","D9":"","E9":"","F9":"","G9":"","H9":"","I9":"","J9":"","K9":"","L9":"","M9":"","N9":"","A33":"","B5":"Grupo","C5":"Sessão","D5":"Última sessão","E5":"Último work","F5":"RIR","G5":"Tendência","H5":"Sugestão","I5":"Ficha"}
A15: 46294.5 | B15: mumsz1c090e2 | C15: Migrar 3.0 → 4.0 | D15: Dieta base | F15: Células | G15: {"A3":"Base do chat ajustada nas porções para aproximar 2.400 kcal e a meta proteica. Ver alterações em Revisões."} | H15: {"A3":"Plano alimentar de referência. Os totais são a dieta planejada, não a ingestão realizada."}
A16: 46294.5 | B16: mumsz1c090e2 | C16: Migrar 3.0 → 4.0 | D16: Ficha de treino | F16: Células | G16: {"A2":"Projeto Breno — ficha vigente F002","A3":"Aquecimento e feeder ficam separados. Apenas as duas work sets entram no volume e na progressão."} | H16: {"A2":"Ficha vigente","A3":"Mostra a ficha em vigor. Edite como rascunho e use Salvar nova ficha para criar a próxima versão."}
A17: 46294.5 | B17: mumsz1c090e2 | C17: Migrar 3.0 → 4.0 | D17: Medidas e fotos | F17: Células | G17: {"A3":"Cintura semanal. Outras medidas e fotos a cada 4 semanas. Mesma luz, distância e postura relaxada; fotos não medem BF com precisão.","K5":""} | H17: {"A3":"Cintura semanal; outras medidas e fotos a cada 4 semanas, mesma luz, distância e postura.","K5":"Objetivo"}
A18: 46294.5 | B18: mumsz1c090e2 | C18: Migrar 3.0 → 4.0 | D18: Semanas | F18: Estrutura | H18: {"op":"insertColumns","sheet":"Semanas","after":33,"count":10}
A19: 46294.5 | B19: mumsz1c090e2 | C19: Migrar 3.0 → 4.0 | D19: Semanas | F19: Células | G19: {"A3":"","B6":{"$f":"=IF(A6=\"\",\"\",A6+6)"},"C6":{"$f":"=IF(A6=\"\",\"\",COUNTIFS('Diário'!$A:$A,\">=\"&A6,'Diário'!$A:$A,\"<=\"&B6,'Diário'!$B:$B,\">0\"))"},"D6":{"$f":"=IF(A6=\"\",\"\",IF(SUMPRODUCT(('Diário'!$A:$A>=A6)*('Diário'!$A:$A<=B6)*ISNUMBER('Diário'!$B:$B))=0,\"\",SUMIFS('Diário'!$B:$B,'Diário'!$A:$A,\">=\"&A6,'Diário'!$A:$A,\"<=\"&B6)/SUMPRODUCT(('Diário'!$A:$A>=A6)*('Diário'!$A:$A<=B6)*ISNUMBER('Diário'!$B:$B))))"},"E6":{"$f":"=IF(A6=\"\",\"\",IF(OR(NOT(ISNUMBER(D6)),COUNTIFS(Semanas!$A:$A,A6-7,Semanas!$C:$C,\">0\")=0),\"\",D6-SUMIFS(Semanas!$D:$D,Semanas!$A:$A,A6-7)))"},"F6":{"$f":"=IF(A6=\"\",\"\",IF(SUMPRODUCT(('Diário'!$A:$A>=A6)*('Diário'!$A:$A<=B6)*ISNUMBER('Diário'!$H:$H))=0,\"\",SUMIFS('Diário'!$H:$H,'Diário'!$A:$A,\">=\"&A6,'Diário'!$A:$A,\"<=\"&B6)/SUMPRODUCT(('Diário'!$A:$A>=A6)*('Diário'!$A:$A<=B6)*ISNUMBER('Diário'!$H:$H))))"},"G6":{"$f":"=IF(A6=\"\",\"\",IF(SUMPRODUCT(('Diário'!$A:$A>=A6)*('Diário'!$A:$A<=B6)*ISNUMBER('Diário'!$V:$V)*('Diário'!$G:$G=\"Sim\")*('Diário'!$AG:$AG=0))=0,\"\",SUMIFS('Diário'!$V:$V,'Diário'!$A:$A,\">=\"&A6,'Diário'!$A:$A,\"<=\"&B6,'Diário'!$G:$G,\"Sim\",'Diário'!$AG:$AG,0)/SUMPRODUCT(('Diário'!$A:$A>=A6)*('Diário'!$A:$A<=B6)*ISNUMBER('Diário'!$V:$V)*('Diário'!$G:$G=\"Sim\")*('Diário'!$AG:$AG=0))))"},"H6":{"$f":"=IF(A6=\"\",\"\",IF(SUMPRODUCT(('Diário'!$A:$A>=A6)*('Diário'!$A:$A<=B6)*ISNUMBER('Diário'!$W:$W)*('Diário'!$G:$G=\"Sim\")*('Diário'!$AG:$AG=0))=0,\"\",SUMIFS('Diário'!$W:$W,'Diário'!$A:$A,\">=\"&A6,'Diário'!$A:$A,\"<=\"&B6,'Diário'!$G:$G,\"Sim\",'Diário'!$AG:$AG,0)/SUMPRODUCT(('Diário'!$A:$A>=A6)*('Diário'!$A:$A<=B6)*ISNUMBER('Diário'!$W:$W)*('Diário'!$G:$G=\"Sim\")*('Diário'!$AG:$AG=0))))"},"I6":{"$f":"=IF(A6=\"\",\"\",IF(SUMPRODUCT(('Diário'!$A:$A>=A6)*('Diário'!$A:$A<=B6)*ISNUMBER('Diário'!$Y:$Y)*('Diário'!$G:$G=\"Sim\")*('Diário'!$AG:$AG=0))=0,\"\",SUMIFS('Diário'!$Y:$Y,'Diário'!$A:$A,\">=\"&A6,'Diário'!$A:$A,\"<=\"&B6,'Diário'!$G:$G,\"Sim\",'Diário'!$AG:$AG,0)/SUMPRODUCT(('Diário'!$A:$A>=A6)*('Diário'!$A:$A<=B6)*ISNUMBER('Diário'!$Y:$Y)*('Diário'!$G:$G=\"Sim\")*('Diário'!$AG:$AG=0))))"},"J6":{"$f":"=IF(A6=\"\",\"\",COUNTIFS('Diário'!$A:$A,\">=\"&A6,'Diário'!$A:$A,\"<=\"&B6,'Diário'!$G:$G,\"Sim\",'Diário'!$V:$V,\">=0\",'Diário'!$AG:$AG,0))"},"K6":{"$f":"=IF(A6=\"\",\"\",IF(SUMPRODUCT(('Diário'!$A:$A>=A6)*('Diário'!$A:$A<=B6)*ISNUMBER('Diário'!$AC:$AC))=0,\"\",SUMIFS('Diário'!$AC:$AC,'Diário'!$A:$A,\">=\"&A6,'Diário'!$A:$A,\"<=\"&B6)/SUMPRODUCT(('Diário'!$A:$A>=A6)*('Diário'!$A:$A<=B6)*ISNUMBER('Diário'!$AC:$AC))))"},"L6":{"$f":"=IF(A6=\"\",\"\",IF(SUMPRODUCT(('Diário'!$A:$A>=A6)*('Diário'!$A:$A<=B6)*ISNUMBER('Diário'!$AD:$AD))=0,\"\",SUMIFS('Diário'!$AD:$AD,'Diário'!$A:$A,\">=\"&A6,'Diário'!$A:$A,\"<=\"&B6)/SUMPRODUCT(('Diário'!$A:$A>=A6)*('Diário'!$A:$A<=B6)*ISNUMBER('Diário'!$AD:$AD))))"},"M6":{"$f":"=IF(A6=\"\",\"\",SUMIFS('Diário'!$AA:$AA,'Diário'!$A:$A,\">=\"&A6,'Diário'!$A:$A,\"<=\"&B6))"},"N6":{"$f":"=IF(A6=\"\",\"\",IF(COUNTIFS('Diário'!$A:$A,\">=\"&A6,'Diário'!$A:$A,\"<=\"&B6)=0,\"\",SUMIFS('Diário'!$Q:$Q,'Diário'!$A:$A,\">=\"&A6,'Diário'!$A:$A,\"<=\"&B6)/COUNTIFS('Diário'!$A:$A,\">=\"&A6,'Diário'!$A:$A,\"<=\"&B6)))"},"O6":{"$f":"=IF(A6=\"\",\"\",IF(SUMPRODUCT(('Diário'!$A:$A>=A6)*('Diário'!$A:$A<=B6)*ISNUMBER('Diário'!$D:$D))=0,\"\",SUMIFS('Diário'!$D:$D,'Diário'!$A:$A,\">=\"&A6,'Diário'!$A:$A,\"<=\"&B6)/SUMPRODUCT(('Diário'!$A:$A>=A6)*('Diário'!$A:$A<=B6)*ISNUMBER('Diário'!$D:$D))))"},"P6":{"$f":"=IF(A6=\"\",\"\",SUMIFS('Diário'!$E:$E,'Diário'!$A:$A,\">=\"&A6,'Diário'!$A:$A,\"<=\"&B6))"},"Q6":{"$f":"=IF(A6=\"\",\"\",IF(SUMPRODUCT(('Diário'!$A:$A>=A6)*('Diário'!$A:$A<=B6)*ISNUMBER('Diário'!$C:$C))=0,\"\",SUMIFS('Diário'!$C:$C,'Diário'!$A:$A,\">=\"&A6,'Diário'!$A:$A,\"<=\"&B6)/SUMPRODUCT(('Diário'!$A:$A>=A6)*('Diário'!$A:$A<=B6)*ISNUMBER('Diário'!$C:$C))))"},"R6":{"$f":"=IF(A6=\"\",\"\",COUNTIFS('Diário'!$A:$A,\">=\"&A6,'Diário'!$A:$A,\"<=\"&B6,'Diário'!$F:$F,\"Sim\"))"},"S6":{"$f":"=IF(A6=\"\",\"\",IF(B6>=TODAY(),\"Semana parcial\",\"Semana encerrada\"))"},"T6":{"$f":"=IFERROR(__xludf.DUMMYFUNCTION(\"IF(A6=\"\"\"\",\"\"\"\",IFERROR(COUNTUNIQUE(FILTER('Alimentação'!$A$6:$A1000,'Alimentação'!$A$6:$A1000>=A6,'Alimentação'!$A$6:$A1000<=B6)),0))\"),\"\")"},"U6":{"$f":"=IF(A6=\"\",\"\",SUMIFS('Diário'!$AG$6:$AG1000,'Diário'!$A$6:$A1000,\">=\"&A6,'Diário'!$A$6:$A1000,\"<=\"&B6))"},"V6":{"$f":"=IF(A6=\"\",\"\",J6&\" dias completos com cálculo / \"&MAX(0,MIN(7,TODAY()-A6+1))&\" dias decorridos\")"},"C5":"Pesagens","D5":"Peso médio","E5":"Variação kg","F5":"Cintura","G5":"kcal média","H5":"Proteína média","I5":"Gordura média","J5":"Dias completos","K5":"Aderência kcal","L5":"Aderência proteína","M5":"Treinos","N5":"Meta treinos","O5":"Passos médios","P5":"Cardio min","Q5":"Sono médio","R5":"Muay Thai","S5":"Situação","T5":"Dias com registro","U5":"Itens sem cálculo","V5":"Cobertura alimentar","W5":"","X5":"","Y5":"","Z5":"","AA5":"","AB5":"","AC5":"","AD5":"","AE5":"","AF5":"","AG5":"","AH5":"","AI5":"","AJ5":"","AK5":"","AL5":"","AM5":"","AN5":"","AO5":"","AP5":"","AQ5":""} | H19: {"A3":"Uma linha por semana (segunda a domingo), gravada como valores com o objetivo, a meta e a ficha daquela semana.","B6":"","C6":"","D6":"","E6":"","F6":"","G6":"","H6":"","I6":"","J6":"","K6":"","L6":"","M6":"","N6":"","O6":"","P6":"","Q6":"","R6":"","S6":"","T6":"","U6":"","V6":"","C5":"Objetivo","D5":"Meta","E5":"Ficha","F5":"Transição na semana","G5":"Pesagens","H5":"Peso médio 7d","I5":"Variação kg","J5":"Variação %/sem","K5":"Cintura","L5":"Variação cintura","M5":"Dias com registro","N5":"Dias completos","O5":"kcal média","P5":"Proteína média","Q5":"Carboidrato médio","R5":"Gordura média","S5":"Fibra média","T5":"Aderência kcal","U5":"Aderência proteína","V5":"Aderência gordura","W5":"Cobertura alimentar","X5":"Itens sem cálculo","Y5":"Treinos","Z5":"Meta treinos","AA5":"Volume work","AB5":"Exercícios com progressão","AC5":"Sono médio","AD5":"Fome média","AE5":"Cansaço médio","AF5":"Dor máx","AG5":"Passos médios","AH5":"Cardio min","AI5":"Atividades","AJ5":"Suficiência de dados","AK5":"Situação","AL5":"Sinais","AM5":"Motivos","AN5":"Recomendação","AO5":"Motivo da recomendação","AP5":"Próxima revisão","AQ5":"Calculado em"}
A20: 46294.5 | B20: mumsz1c090e2 | C20: Migrar 3.0 → 4.0 | D20: Alimentação | F20: Células | G20: {"A3":"Consumo confirmado por você. Quantidades na unidade-base; conversão original nas observações. Sem cálculo = macros desconhecidos, nunca zero.","P5":"","Q5":""} | H20: {"A3":"Consumo confirmado. Quantidades na unidade-base. Sem cálculo = macros desconhecidos, nunca zero.","P5":"Fonte","Q5":"Cálculo"}
A21: 46294.5 | B21: mumsz1c090e2 | C21: Migrar 3.0 → 4.0 | D21: Registro de treino | F21: Estrutura | H21: {"op":"insertColumns","sheet":"Registro de treino","after":26,"count":1}
A22: 46294.5 | B22: mumsz1c090e2 | C22: Migrar 3.0 → 4.0 | D22: Registro de treino | F22: Células | G22: {"A3":"Histórico: aquecimento e feeder preservados; volume calculado somente com Work 1 + Work 2. Salvar parcial permite retomar.","AA5":""} | H22: {"A3":"Aquecimento e feeder preservados; volume e progressão só com Work 1 + Work 2. Salvar parcial permite retomar.","AA5":"Objetivo"}
A23: 46294.5 | B23: mumsz1c090e2 | C23: Migrar 3.0 → 4.0 | D23: Diário | F23: Células | G23: {"A2":"Resumo diário e metas preservadas","A3":"","V6":{"$f":"=IF(A6=\"\",\"\",IF(COUNTIFS('Alimentação'!$A$6:$A1000,A6,'Alimentação'!$F$6:$F1000,\">=0\")=0,\"\",SUMIFS('Alimentação'!$F$6:$F1000,'Alimentação'!$A$6:$A1000,A6)))"},"W6":{"$f":"=IF(ISNUMBER(V6),SUMIFS('Alimentação'!$G:$G,'Alimentação'!$A:$A,A6),\"\")"},"X6":{"$f":"=IF(ISNUMBER(V6),SUMIFS('Alimentação'!$H:$H,'Alimentação'!$A:$A,A6),\"\")"},"Y6":{"$f":"=IF(ISNUMBER(V6),SUMIFS('Alimentação'!$I:$I,'Alimentação'!$A:$A,A6),\"\")"},"Z6":{"$f":"=IF(ISNUMBER(V6),SUMIFS('Alimentação'!$J:$J,'Alimentação'!$A:$A,A6),\"\")"},"AA6":{"$f":"=IFERROR(__xludf.DUMMYFUNCTION(\"IF(A6=\"\"\"\",\"\"\"\",IFERROR(COUNTUNIQUE(FILTER('Registro de treino'!$W$6:$W1000,'Registro de treino'!$A$6:$A1000=A6,'Registro de treino'!$Y$6:$Y1000=\"\"Concluído\"\")),0))\"),\"\")"},"AB6":{"$f":"=IF(OR(A6=\"\",AF6=0),\"\",SUMIFS('Diário'!$B:$B,'Diário'!$A:$A,\">=\"&A6-6,'Diário'!$A:$A,\"<=\"&A6)/AF6)"},"AC6":{"$f":"=IF(AND(G6=\"Sim\",AG6=0,ISNUMBER(V6),ISNUMBER(M6),M6>0),IF(ABS(V6/M6-1)<=T6,1,0),\"\")"},"AD6":{"$f":"=IF(AND(G6=\"Sim\",AG6=0,ISNUMBER(W6),ISNUMBER(R6),ISNUMBER(S6)),IF(AND(W6>=R6,W6<=S6),1,0),\"\")"},"AE6":{"$f":"=IF(AND(G6=\"Sim\",AG6=0,ISNUMBER(Y6),ISNUMBER(O6),O6>0),IF(ABS(Y6/O6-1)<=U6,1,0),\"\")"},"AF6":{"$f":"=IF(A6=\"\",\"\",COUNTIFS('Diário'!$A:$A,\">=\"&A6-6,'Diário'!$A:$A,\"<=\"&A6,'Diário'!$B:$B,\">0\"))"},"AG6":{"$f":"=IF(A6=\"\",\"\",COUNTIFS('Alimentação'!$A$6:$A1000,A6,'Alimentação'!$M$6:$M1000,\"Sem cálculo\"))"},"C5":"Sono h","D5":"Passos","E5":"Cardio min","F5":"Muay Thai","G5":"Registro alimentar completo","H5":"Cintura cm","K5":"Observações","L5":"Meta versão","M5":"Meta kcal","N5":"Meta proteína","O5":"Meta gordura","P5":"Meta carbo","Q5":"Treinos meta","R5":"P mín","S5":"P máx","T5":"Tol kcal","U5":"Tol gordura","V5":"kcal","W5":"Proteína g","X5":"Carboidrato g","Y5":"Gordura g","Z5":"Fibra g","AA5":"Treinos","AB5":"Média peso 7d","AC5":"Aderência kcal","AD5":"Aderência proteína","AE5":"Aderência gordura","AF5":"Dias peso 7d","AG5":"Itens sem cálculo"} | H23: {"A2":"Resumo diário","A3":"Uma linha por dia. Vazio = não informado; zero só quando digitado. Totais escritos pelo script.","V6":"","W6":"","X6":"","Y6":"","Z6":"","AA6":"","AB6":"","AC6":"","AD6":"","AE6":"","AF6":"","AG6":"","C5":"Cintura cm","D5":"Sono h","E5":"Passos","F5":"Cardio min","G5":"Atividade min","H5":"Atividade","K5":"Dor 0–10","L5":"Registro alimentar","M5":"Observações","N5":"Objetivo","O5":"Meta","P5":"Ficha","Q5":"kcal","R5":"Proteína g","S5":"Carboidrato g","T5":"Gordura g","U5":"Fibra g","V5":"Itens sem cálculo","W5":"Itens estimados","X5":"Treinos","Y5":"Estado do dia","Z5":"","AA5":"","AB5":"","AC5":"","AD5":"","AE5":"","AF5":"","AG5":""}
A24: 46294.5 | B24: mumsz1c090e2 | C24: Migrar 3.0 → 4.0 | D24: Revisões | F24: Células | G24: {"A3":"Registrar mudanças antes de atualizar a ficha ou metas. A planilha não aumenta carga ou muda calorias automaticamente.","D5":"Alteração proposta","H5":"Resultado após mudança","I5":"","J5":"","K5":"","L5":""} | H24: {"A3":"Toda mudança de objetivo, meta ou ficha fica registrada aqui. A planilha não muda metas sozinha.","D5":"Alteração","H5":"Resultado","I5":"Objetivo","J5":"Meta","K5":"Ficha","L5":"Recomendação"}
A25: 46294.5 | B25: mumsz1c090e2 | C25: Migrar 3.0 → 4.0 | D25: Revisões | F25: Células | G25: {"A6":{"$d":"2026-09-15T15:00:00.000Z"},"A7":{"$d":"2026-09-15T15:00:00.000Z"},"A10":"28/09/2026"} | H25: {"A6":{"$d":"2026-09-15T03:00:00.000Z"},"A7":{"$d":"2026-09-15T03:00:00.000Z"},"A10":{"$d":"2026-09-28T03:00:00.000Z"}}
A26: 46294.5 | B26: mumsz1c090e2 | C26: Migrar 3.0 → 4.0 | D26: Metas | F26: Células | G26: {"A3":"Após iniciar registros, use Nova meta na tela Hoje. Metas usadas ficam gravadas no dia.","B5":"Versão","A5":"Vigência","G5":"Treinos semana","M5":"","N5":"","O5":"","P5":"","Q5":"","R5":"","S5":"","T5":"","U5":"","V5":"","W5":"","X5":""} | H26: {"A3":"Uma linha por versão da meta. Carboidrato, TMB e gasto estimado ficam gravados com a meta.","B5":"ID","A5":"Início","G5":"Treinos/sem","M5":"Objetivo","N5":"Fim","O5":"Status","P5":"Fibra g","Q5":"Cardio/sem","R5":"Atividades/sem","S5":"Passos/dia","T5":"TMB kcal","U5":"Método TMB","V5":"Fator de atividade","W5":"Gasto estimado kcal","X5":"Revisor"}
A27: 46294.5 | B27: mumsz1c090e2 | C27: Migrar 3.0 → 4.0 | D27: Fichas | F27: Células | G27: {"A3":"Edite a proposta em Ficha de treino. Salvar nova ficha arquiva outra versão sem apagar esta.","P5":"","Q5":"","R5":""} | H27: {"A3":"Uma linha por exercício de cada versão. A versão vigente aparece em Ficha de treino.","P5":"Início","Q5":"Fim","R5":"Status"}
A28: 46294.5 | B28: mumsz1c090e2 | C28: Migrar 3.0 → 4.0 | D28: Alimentos | F28: Células | G28: {"A3":"B e C definem a unidade e a porção-base dos nutrientes. M/N: medida caseira opcional. O: qualidade da referência. Não converter ml em g sem densidade."} | H28: {"A3":"Unidade-base e porção-base definem os nutrientes. Medida caseira é opcional. Não converter ml em g sem densidade."}
A29: 46294.5 | B29: mumsz1c090e2 | C29: Migrar 3.0 → 4.0 | D29: Favoritas | F29: Células | G29: {"A3":"Cadastro pessoal vazio. Use Projeto → Favoritar refeição da data após registrar uma refeição sua."} | H29: {"A3":"Use Criar favorita da refeição depois de registrar uma refeição."}
A30: 46294.5 | B30: mumsz1c090e2 | C30: Migrar 3.0 → 4.0 | D30: Ingredientes | F30: Células | G30: {"A3":"Ingredientes das suas favoritas. Quantidade sempre na unidade-base do alimento."} | H30: {"A3":"Quantidade sempre na unidade-base do alimento."}
A31: 46294.5 | B31: mumsz1c090e2 | C31: Migrar 3.0 → 4.0 | D31: Equivalências | F31: Células | G31: {"A3":"Trocas igualam um nutriente, não todos os macros. Quantidades calculadas são aproximações; confira o total da dieta."} | H31: {"A3":"Trocas igualam um nutriente, não todos os macros. Confira o total da dieta."}
A32: 46294.5 | B32: mumsz1c090e2 | C32: Migrar 3.0 → 4.0 | D32: Exercícios | F32: Células | G32: {"A2":"Cadastro expansível de exercícios","A3":""} | H32: {"A2":"Cadastro de exercícios","A3":"Um exercício por linha. Mantenha sempre o mesmo critério de carga."}
A33: 46294.5 | B33: mumsz1c090e2 | C33: Migrar 3.0 → 4.0 | D33: Guia | F33: Células | G33: {"A3":"Versão 3.0 — Google Sheets. Registro pessoal, estimativas explícitas e foco nas séries de trabalho."} | H33: {"A3":"Orientações gerais. Nomes, rotinas e metas vêm da Config e das abas de histórico."}
A34: 46294.5 | B34: mumsz1c090e2 | C34: Migrar 3.0 → 4.0 | D34: Fichas | E34: 6 | F34: Alteração | G34: {"Vigência":{"$d":"1900-01-01T03:06:28.000Z"},"Início":"","Fim":"","Status":""} | H34: {"Vigência":{"$d":"2026-09-15T03:00:00.000Z"},"Início":{"$d":"2026-09-15T03:00:00.000Z"},"Fim":{"$d":"2026-09-27T03:00:00.000Z"},"Status":"Encerrada"}
A35: 46294.5 | B35: mumsz1c090e2 | C35: Migrar 3.0 → 4.0 | D35: Fichas | E35: 7 | F35: Alteração | G35: {"Vigência":{"$d":"1900-01-01T03:06:28.000Z"},"Início":"","Fim":"","Status":""} | H35: {"Vigência":{"$d":"2026-09-15T03:00:00.000Z"},"Início":{"$d":"2026-09-15T03:00:00.000Z"},"Fim":{"$d":"2026-09-27T03:00:00.000Z"},"Status":"Encerrada"}
A36: 46294.5 | B36: mumsz1c090e2 | C36: Migrar 3.0 → 4.0 | D36: Fichas | E36: 8 | F36: Alteração | G36: {"Vigência":{"$d":"1900-01-01T03:06:28.000Z"},"Início":"","Fim":"","Status":""} | H36: {"Vigência":{"$d":"2026-09-15T03:00:00.000Z"},"Início":{"$d":"2026-09-15T03:00:00.000Z"},"Fim":{"$d":"2026-09-27T03:00:00.000Z"},"Status":"Encerrada"}
A37: 46294.5 | B37: mumsz1c090e2 | C37: Migrar 3.0 → 4.0 | D37: Fichas | E37: 9 | F37: Alteração | G37: {"Vigência":{"$d":"1900-01-01T03:06:28.000Z"},"Início":"","Fim":"","Status":""} | H37: {"Vigência":{"$d":"2026-09-15T03:00:00.000Z"},"Início":{"$d":"2026-09-15T03:00:00.000Z"},"Fim":{"$d":"2026-09-27T03:00:00.000Z"},"Status":"Encerrada"}
A38: 46294.5 | B38: mumsz1c090e2 | C38: Migrar 3.0 → 4.0 | D38: Fichas | E38: 10 | F38: Alteração | G38: {"Vigência":{"$d":"1900-01-01T03:06:28.000Z"},"Início":"","Fim":"","Status":""} | H38: {"Vigência":{"$d":"2026-09-15T03:00:00.000Z"},"Início":{"$d":"2026-09-15T03:00:00.000Z"},"Fim":{"$d":"2026-09-27T03:00:00.000Z"},"Status":"Encerrada"}
A39: 46294.5 | B39: mumsz1c090e2 | C39: Migrar 3.0 → 4.0 | D39: Fichas | E39: 11 | F39: Alteração | G39: {"Vigência":{"$d":"1900-01-01T03:06:28.000Z"},"Início":"","Fim":"","Status":""} | H39: {"Vigência":{"$d":"2026-09-15T03:00:00.000Z"},"Início":{"$d":"2026-09-15T03:00:00.000Z"},"Fim":{"$d":"2026-09-27T03:00:00.000Z"},"Status":"Encerrada"}
A40: 46294.5 | B40: mumsz1c090e2 | C40: Migrar 3.0 → 4.0 | D40: Fichas | E40: 12 | F40: Alteração | G40: {"Vigência":{"$d":"1900-01-01T03:06:28.000Z"},"Início":"","Fim":"","Status":""} | H40: {"Vigência":{"$d":"2026-09-15T03:00:00.000Z"},"Início":{"$d":"2026-09-15T03:00:00.000Z"},"Fim":{"$d":"2026-09-27T03:00:00.000Z"},"Status":"Encerrada"}
A41: 46294.5 | B41: mumsz1c090e2 | C41: Migrar 3.0 → 4.0 | D41: Fichas | E41: 13 | F41: Alteração | G41: {"Vigência":{"$d":"1900-01-01T03:06:28.000Z"},"Início":"","Fim":"","Status":""} | H41: {"Vigência":{"$d":"2026-09-15T03:00:00.000Z"},"Início":{"$d":"2026-09-15T03:00:00.000Z"},"Fim":{"$d":"2026-09-27T03:00:00.000Z"},"Status":"Encerrada"}
A42: 46294.5 | B42: mumsz1c090e2 | C42: Migrar 3.0 → 4.0 | D42: Fichas | E42: 14 | F42: Alteração | G42: {"Vigência":{"$d":"1900-01-01T03:06:28.000Z"},"Início":"","Fim":"","Status":""} | H42: {"Vigência":{"$d":"2026-09-15T03:00:00.000Z"},"Início":{"$d":"2026-09-15T03:00:00.000Z"},"Fim":{"$d":"2026-09-27T03:00:00.000Z"},"Status":"Encerrada"}
A43: 46294.5 | B43: mumsz1c090e2 | C43: Migrar 3.0 → 4.0 | D43: Fichas | E43: 15 | F43: Alteração | G43: {"Vigência":{"$d":"1900-01-01T03:06:28.000Z"},"Início":"","Fim":"","Status":""} | H43: {"Vigência":{"$d":"2026-09-15T03:00:00.000Z"},"Início":{"$d":"2026-09-15T03:00:00.000Z"},"Fim":{"$d":"2026-09-27T03:00:00.000Z"},"Status":"Encerrada"}
A44: 46294.5 | B44: mumsz1c090e2 | C44: Migrar 3.0 → 4.0 | D44: Fichas | E44: 16 | F44: Alteração | G44: {"Vigência":{"$d":"1900-01-01T03:06:28.000Z"},"Início":"","Fim":"","Status":""} | H44: {"Vigência":{"$d":"2026-09-15T03:00:00.000Z"},"Início":{"$d":"2026-09-15T03:00:00.000Z"},"Fim":{"$d":"2026-09-27T03:00:00.000Z"},"Status":"Encerrada"}
A45: 46294.5 | B45: mumsz1c090e2 | C45: Migrar 3.0 → 4.0 | D45: Fichas | E45: 17 | F45: Alteração | G45: {"Vigência":{"$d":"1900-01-01T03:06:28.000Z"},"Início":"","Fim":"","Status":""} | H45: {"Vigência":{"$d":"2026-09-15T03:00:00.000Z"},"Início":{"$d":"2026-09-15T03:00:00.000Z"},"Fim":{"$d":"2026-09-27T03:00:00.000Z"},"Status":"Encerrada"}
... A78: 46294.5 | B78: mumsz1c090e2 | C78: Migrar 3.0 → 4.0 | D78: Metas | E78: 6 | F78: Alteração | G78: {"Início":{"$d":"1900-01-01T03:06:28.000Z"},"Motivo":"Referência inicial dos chats. Vigência inicial técnica; data do projeto no perfil.","Status":"","Cardio/sem":"","Atividades/sem":"","TMB kcal":"","Método TMB":"","Fator de atividade":"","Gasto estimado kcal":"","Revisor":""} | H78: {"Início":{"$d":"2026-09-28T03:00:00.000Z"},"Motivo":"Referência inicial dos chats; início real 28/09/2026 (a 3.0 usava 01/01/1900 como vigência técnica).","Status":"Vigente","Cardio/sem":0,"Atividades/sem":2,"TMB kcal":1673.75,"Método TMB":"Mifflin-St Jeor","Fator de atividade":1.55,"Gasto estimado kcal":2594.31,"Revisor":"Luan"}
A79: 46294.5 | B79: mumsz1c090e2 | C79: Migrar 3.0 → 4.0 | D79: Objetivos | E79: 6 | F79: Inclusão | H79: {"ID":"O001","Objetivo":"Recomposição corporal","Tipo de análise":"recomposicao","Início":{"$d":"2026-09-28T03:00:00.000Z"},"Fim":"","Status":"Vigente","Peso inicial kg":67,"Motivo da mudança":"Objetivo inicial (migração 3.0 → 4.0)","Expectativa principal":"Ganhar músculo e acompanhar cintura, desempenho e recuperação","kcal iniciais":2400,"Proteína g":140,"Gordura g":65,"Carboidrato g":313.75,"Treinos/sem":3,"Cardio/sem":0,"Atividades/sem":2,"Revisor":"Luan"}
A80: 46294.5 | B80: mumsz1c090e2 | C80: Migrar 3.0 → 4.0 | D80: Metas | E80: 6 | F80: Alteração | G80: {"Objetivo":""} | H80: {"Objetivo":"O001"}
A81: 46294.5 | B81: mumsz1c090e2 | C81: Migrar 3.0 → 4.0 | D81: Objetivos | E81: 6 | F81: Alteração | G81: {"Meta ligada":"","Ficha ligada":""} | H81: {"Meta ligada":"M001","Ficha ligada":"F002"}
A82: 46294.5 | B82: mumsz1c090e2 | C82: Migrar 3.0 → 4.0 | D82: Guia | F82: Células | G82: {"C17":"Zoio: sequência contínua avança só ao concluir sessão.","B21":"Zoio: Push A → Pull A → Legs A → Push B → Pull B → Legs B. Breno: Upper → Lower → Full Body.","C21":"O agendamento semanal não reinicia a rotação do Zoio."} | H82: {"C17":"","B21":"Breno: Upper → Lower → Full Body.","C21":""}
A83: 46294.5 | B83: mumsz1c090e2 | C83: Migrar 3.0 → 4.0 | D83: Hoje | F83: Células | G83: {"E5":"Revisão 3.0 validada: fichas, unidades e volume dos work sets."} | H83: {"E5":"Planilha 4.0: objetivo, meta e ficha em vigor vêm das abas Objetivos, Metas e Fichas."}
A84: 46294.5 | B84: mumsz1c090e2 | C84: Migrar 3.0 → 4.0 | D84: Revisões | E84: 6 | F84: Alteração | G84: {"Ficha":""} | H84: {"Ficha":"F001"}
A85: 46294.5 | B85: mumsz1c090e2 | C85: Migrar 3.0 → 4.0 | D85: Revisões | E85: 7 | F85: Alteração | G85: {"Ficha":""} | H85: {"Ficha":"F001"}
A86: 46294.5 | B86: mumsz1c090e2 | C86: Migrar 3.0 → 4.0 | D86: Revisões | E86: 8 | F86: Alteração | G86: {"Objetivo":"","Meta":"","Ficha":""} | H86: {"Objetivo":"O001","Meta":"M001","Ficha":"F002"}
A87: 46294.5 | B87: mumsz1c090e2 | C87: Migrar 3.0 → 4.0 | D87: Revisões | E87: 9 | F87: Alteração | G87: {"Objetivo":"","Meta":"","Ficha":""} | H87: {"Objetivo":"O001","Meta":"M001","Ficha":"F002"}
A88: 46294.5 | B88: mumsz1c090e2 | C88: Migrar 3.0 → 4.0 | D88: Revisões | E88: 10 | F88: Alteração | G88: {"Objetivo":"","Meta":"","Ficha":""} | H88: {"Objetivo":"O001","Meta":"M001","Ficha":"F002"}
A89: 46294.5 | B89: mumsz1c090e2 | C89: Migrar 3.0 → 4.0 | D89: Exercícios | F89: Estrutura | H89: {"op":"namedRange","name":"ListaExercicios"}
A90: 46294.5 | B90: mumsz1c090e2 | C90: Migrar 3.0 → 4.0 | D90: Painel | F90: Células | G90: {"B5":{"$f":"=Hoje!B5-WEEKDAY(Hoje!B5,2)+1"},"B7":{"$f":"=IF(COUNTIFS(Semanas!$A:$A,$B$5,Semanas!$D:$D,\">=-100000\")=0,\"\",SUMIFS(Semanas!$D:$D,Semanas!$A:$A,$B$5))"},"B8":{"$f":"=IF(COUNTIFS(Semanas!$A:$A,$B$5,Semanas!$E:$E,\">=-100000\")=0,\"\",SUMIFS(Semanas!$E:$E,Semanas!$A:$A,$B$5))"},"B9":{"$f":"=IF(COUNTIFS(Semanas!$A:$A,$B$5,Semanas!$F:$F,\">=-100000\")=0,\"\",SUMIFS(Semanas!$F:$F,Semanas!$A:$A,$B$5))"},"B10":{"$f":"=IF(COUNTIFS(Semanas!$A:$A,$B$5,Semanas!$G:$G,\">=-100000\")=0,\"\",SUMIFS(Semanas!$G:$G,Semanas!$A:$A,$B$5))"},"B11":{"$f":"=IF(COUNTIFS(Semanas!$A:$A,$B$5,Semanas!$H:$H,\">=-100000\")=0,\"\",SUMIFS(Semanas!$H:$H,Semanas!$A:$A,$B$5))"},"B12":{"$f":"=IF(COUNTIFS(Semanas!$A:$A,$B$5,Semanas!$I:$I,\">=-100000\")=0,\"\",SUMIFS(Semanas!$I:$I,Semanas!$A:$A,$B$5))"},"B13":{"$f":"=IF(COUNTIFS(Semanas!$A:$A,$B$5,Semanas!$J:$J,\">=-100000\")=0,\"\",SUMIFS(Semanas!$J:$J,Semanas!$A:$A,$B$5))"},"B14":{"$f":"=IF(COUNTIFS(Semanas!$A:$A,$B$5,Semanas!$K:$K,\">=-100000\")=0,\"\",SUMIFS(Semanas!$K:$K,Semanas!$A:$A,$B$5))"},"B15":{"$f":"=IF(COUNTIFS(Semanas!$A:$A,$B$5,Semanas!$L:$L,\">=-100000\")=0,\"\",SUMIFS(Semanas!$L:$L,Semanas!$A:$A,$B$5))"},"B16":{"$f":"=IF(COUNTIFS(Semanas!$A:$A,$B$5,Semanas!$M:$M,\">=-100000\")=0,\"\",SUMIFS(Semanas!$M:$M,Semanas!$A:$A,$B$5))"},"B17":{"$f":"=IF(COUNTIFS(Semanas!$A:$A,$B$5,Semanas!$N:$N,\">=-100000\")=0,\"\",SUMIFS(Semanas!$N:$N,Semanas!$A:$A,$B$5))"},"B18":{"$f":"=IF(COUNTIFS(Semanas!$A:$A,$B$5,Semanas!$O:$O,\">=-100000\")=0,\"\",SUMIFS(Semanas!$O:$O,Semanas!$A:$A,$B$5))"},"B19":{"$f":"=IF(COUNTIFS(Semanas!$A:$A,$B$5,Semanas!$P:$P,\">=-100000\")=0,\"\",SUMIFS(Semanas!$P:$P,Semanas!$A:$A,$B$5))"},"B20":{"$f":"=IF(COUNTIFS(Semanas!$A:$A,$B$5,Semanas!$Q:$Q,\">=-100000\")=0,\"\",SUMIFS(Semanas!$Q:$Q,Semanas!$A:$A,$B$5))"},"B21":{"$f":"=IF(COUNTIFS(Semanas!$A:$A,$B$5,Semanas!$R:$R,\">=-100000\")=0,\"\",SUMIFS(Semanas!$R:$R,Semanas!$A:$A,$B$5))"},"B22":{"$f":"=IF(COUNTIFS(Semanas!$A:$A,$B$5,Semanas!$C:$C,\">=-100000\")=0,\"\",SUMIFS(Semanas!$C:$C,Semanas!$A:$A,$B$5))"},"B26":{"$f":"=IF(B13=\"\",\"Sem histórico alimentar. Registre o que souber.\",\"Médias calculadas com \"&B13&\" dias completos e com cálculo; não representam os dias ausentes.\")"},"B28":{"$f":"=IF($B$5+6>=TODAY(),\"Sim. Não comparar contagens com uma semana completa.\",\"Não.\")"},"B36":{"$f":"=ARRAYFORMULA(IFERROR(INDEX(Semanas!$V$6:$V1000,MATCH(B5,Semanas!$A$6:$A1000,0)),\"Sem registros nesta semana\"))"},"B38":{"$f":"=ARRAYFORMULA(IFERROR(INDEX(Semanas!$U$6:$U1000,MATCH(B5,Semanas!$A$6:$A1000,0)),0))"}} | H90: {"B5":"","B7":"","B8":"","B9":"","B10":"","B11":"","B12":"","B13":"","B14":"","B15":"","B16":"","B17":"","B18":"","B19":"","B20":"","B21":"","B22":"","B26":"","B28":"","B36":"","B38":""}
A91: 46294.5 | B91: mumsz1c090e2 | C91: Migrar 3.0 → 4.0 | D91: Config | E91: 41 | F91: Alteração | G91: {"Valor":""} | H91: {"Valor":"4.0"}
A92: 46294.5 | B92: mumsz1c090e2 | C92: Migrar 3.0 → 4.0 | D92: Auditoria | E92: 6 | F92: Inclusão | H92: {"Data":{"$d":"2026-09-29T15:00:00.000Z"},"Severidade":"Info","Aba":"Metas","Célula/linha":"","Problema":"Aba \"Histórico de metas\" renomeada para \"Metas\" (mesma aba: links e gráficos continuam).","Correção":"Renomeada no lugar.","Estado":"Corrigido","Código":"tab_renamed","Valor anterior":"Histórico de metas"}
A93: 46294.5 | B93: mumsz1c090e2 | C93: Migrar 3.0 → 4.0 | D93: Auditoria | E93: 7 | F93: Inclusão | H93: {"Data":{"$d":"2026-09-29T15:00:00.000Z"},"Severidade":"Info","Aba":"Fichas","Célula/linha":"","Problema":"Aba \"Histórico de fichas\" renomeada para \"Fichas\" (mesma aba: links e gráficos continuam).","Correção":"Renomeada no lugar.","Estado":"Corrigido","Código":"tab_renamed","Valor anterior":"Histórico de fichas"}
A94: 46294.5 | B94: mumsz1c090e2 | C94: Migrar 3.0 → 4.0 | D94: Auditoria | E94: 8 | F94: Inclusão | H94: {"Data":{"$d":"2026-09-29T15:00:00.000Z"},"Severidade":"Info","Aba":"Config","Célula/linha":"","Problema":"Aba \"Macros e perfil\" renomeada para \"Config\" (mesma aba: links e gráficos continuam).","Correção":"Renomeada no lugar.","Estado":"Corrigido","Código":"tab_renamed","Valor anterior":"Macros e perfil"}
A95: 46294.5 | B95: mumsz1c090e2 | C95: Migrar 3.0 → 4.0 | D95: Auditoria | E95: 9 | F95: Inclusão | H95: {"Data":{"$d":"2026-09-29T15:00:00.000Z"},"Severidade":"Info","Aba":"Guia","Célula/linha":"","Problema":"Aba \"Guia e fontes\" renomeada para \"Guia\" (mesma aba: links e gráficos continuam).","Correção":"Renomeada no lugar.","Estado":"Corrigido","Código":"tab_renamed","Valor anterior":"Guia e fontes"}
A96: 46294.5 | B96: mumsz1c090e2 | C96: Migrar 3.0 → 4.0 | D96: Auditoria | E96: 10 | F96: Inclusão | H96: {"Data":{"$d":"2026-09-29T15:00:00.000Z"},"Severidade":"Info","Aba":"Evolução","Célula/linha":"","Problema":"Aba \"Evolução\" criada.","Correção":"Criada com título, ajuda e cabeçalho da 4.0.","Estado":"Corrigido","Código":"tab_created","Valor anterior":""}
A97: 46294.5 | B97: mumsz1c090e2 | C97: Migrar 3.0 → 4.0 | D97: Auditoria | E97: 11 | F97: Inclusão | H97: {"Data":{"$d":"2026-09-29T15:00:00.000Z"},"Severidade":"Info","Aba":"Objetivos","Célula/linha":"","Problema":"Aba \"Objetivos\" criada.","Correção":"Criada com título, ajuda e cabeçalho da 4.0.","Estado":"Corrigido","Código":"tab_created","Valor anterior":""}
A98: 46294.5 | B98: mumsz1c090e2 | C98: Migrar 3.0 → 4.0 | D98: Auditoria | E98: 12 | F98: Inclusão | H98: {"Data":{"$d":"2026-09-29T15:00:00.000Z"},"Severidade":"Info","Aba":"Auditoria","Célula/linha":"","Problema":"Aba \"Auditoria\" criada.","Correção":"Criada com título, ajuda e cabeçalho da 4.0.","Estado":"Corrigido","Código":"tab_created","Valor anterior":""}
A99: 46294.5 | B99: mumsz1c090e2 | C99: Migrar 3.0 → 4.0 | D99: Auditoria | E99: 13 | F99: Inclusão | H99: {"Data":{"$d":"2026-09-29T15:00:00.000Z"},"Severidade":"Info","Aba":"Config","Célula/linha":"A2:A3","Problema":"Título e ajuda da aba trocados pelos da 4.0 (sem nomes de cliente nem textos da 3.0).","Correção":"Reescritos.","Estado":"Corrigido","Código":"title_help","Valor anterior":"Projeto Breno : perfil e referências iniciais | Para mudar metas após o início, use Nova meta na tela Hoje. O histórico preserva os dias já salvos."}
A100: 46294.5 | B100: mumsz1c090e2 | C100: Migrar 3.0 → 4.0 | D100: Auditoria | E100: 14 | F100: Inclusão | H100: {"Data":{"$d":"2026-09-29T15:00:00.000Z"},"Severidade":"Info","Aba":"Config","Célula/linha":"linha 6","Problema":"Linha do perfil 3.0: Nome.","Correção":"Virou client.name = Breno (da configuração do cliente).","Estado":"Corrigido","Código":"profile_archived","Valor anterior":"Nome | Breno | Informado no chat"}
A101: 46294.5 | B101: mumsz1c090e2 | C101: Migrar 3.0 → 4.0 | D101: Auditoria | E101: 15 | F101: Inclusão | H101: {"Data":{"$d":"2026-09-29T15:00:00.000Z"},"Severidade":"Info","Aba":"Config","Célula/linha":"linha 7","Problema":"Linha do perfil 3.0: Idade.","Correção":"Virou client.age = 24 (da configuração do cliente).","Estado":"Corrigido","Código":"profile_archived","Valor anterior":"Idade | 24 | anos | 24 no cadastro; confirmar quando oportuno."}
A102: 46294.5 | B102: mumsz1c090e2 | C102: Migrar 3.0 → 4.0 | D102: Auditoria | E102: 16 | F102: Inclusão | H102: {"Data":{"$d":"2026-09-29T15:00:00.000Z"},"Severidade":"Info","Aba":"Config","Célula/linha":"linha 8","Problema":"Linha do perfil 3.0: Altura.","Correção":"Virou client.heightCm = 179 (da configuração do cliente; convertido para cm).","Estado":"Corrigido","Código":"profile_archived","Valor anterior":"Altura | 1.79 | m | Informado"}
A103: 46294.5 | B103: mumsz1c090e2 | C103: Migrar 3.0 → 4.0 | D103: Auditoria | E103: 17 | F103: Inclusão | H103: {"Data":{"$d":"2026-09-29T15:00:00.000Z"},"Severidade":"Info","Aba":"Config","Célula/linha":"linha 9","Problema":"Linha do perfil 3.0: Peso inicial.","Correção":"Virou client.startWeightKg = 67 (da configuração do cliente).","Estado":"Corrigido","Código":"profile_archived","Valor anterior":"Peso inicial | 67 | kg | Informado; não é medição datada"}
... A184: 46294.5 | B184: mumsz1c090e2 | C184: Migrar 3.0 → 4.0 | D184: Auditoria | E184: 98 | F184: Inclusão | H184: {"Data":{"$d":"2026-09-29T15:00:00.000Z"},"Severidade":"Aviso","Aba":"","Célula/linha":"Perfil","Problema":"Início do acompanhamento (21/09/2026, primeiro registro) é anterior ao início do objetivo O001 e da meta M001 (28/09/2026); confirmar.","Correção":"Confirmar com o revisor e ajustar em Config/Metas se preciso.","Estado":"Revisar","Código":"review","Valor anterior":""}

Sheet Evolução
A2: Evolução de longo prazo
A3: Uma linha por semana, todas as fases. Base dos gráficos do Painel.
A5: Semana | B5: Objetivo | C5: Meta | D5: Ficha | E5: Peso médio 7d | F5: Cintura | G5: kcal média | H5: Proteína média | I5: Treinos | J5: Volume work | K5: Situação | L5: Recomendação

Sheet Objetivos
A2: Objetivos por fase
A3: Uma linha por versão do objetivo. Mudanças encerram a versão vigente e criam a próxima; nada é sobrescrito.
A5: ID | B5: Objetivo | C5: Tipo de análise | D5: Início | E5: Fim | F5: Status | G5: Peso inicial kg | H5: Cintura inicial cm | I5: Motivo da mudança | J5: Expectativa principal | K5: Variação de peso alvo %/sem mín | L5: Variação de peso alvo %/sem máx | M5: kcal iniciais | N5: Proteína g | O5: Gordura g | P5: Carboidrato g | Q5: Treinos/sem | R5: Cardio/sem | S5: Atividades/sem | T5: Meta ligada | U5: Ficha ligada | V5: Revisor | W5: Observações
A6: O001 | B6: Recomposição corporal | C6: recomposicao | D6: 46293 | F6: Vigente | G6: 67 | I6: Objetivo inicial (migração 3.0 → 4.0) | J6: Ganhar músculo e acompanhar cintura, desempenho e recuperação | M6: 2400 | N6: 140 | O6: 65 | P6: 313.75 | Q6: 3 | R6: 0 | S6: 2 | T6: M001 | U6: F002 | V6: Luan

Sheet Auditoria
A2: Auditoria
A3: Problemas encontrados pela auditoria e tudo o que a migração alterou (com o valor anterior). A auditoria não altera dados.
A5: Data | B5: Severidade | C5: Aba | D5: Célula/linha | E5: Problema | F5: Correção | G5: Estado | H5: Código | I5: Valor anterior
A6: 46294.5 | B6: Info | C6: Metas | E6: Aba "Histórico de metas" renomeada para "Metas" (mesma aba: links e gráficos continuam). | F6: Renomeada no lugar. | G6: Corrigido | H6: tab_renamed | I6: Histórico de metas
A7: 46294.5 | B7: Info | C7: Fichas | E7: Aba "Histórico de fichas" renomeada para "Fichas" (mesma aba: links e gráficos continuam). | F7: Renomeada no lugar. | G7: Corrigido | H7: tab_renamed | I7: Histórico de fichas
A8: 46294.5 | B8: Info | C8: Config | E8: Aba "Macros e perfil" renomeada para "Config" (mesma aba: links e gráficos continuam). | F8: Renomeada no lugar. | G8: Corrigido | H8: tab_renamed | I8: Macros e perfil
A9: 46294.5 | B9: Info | C9: Guia | E9: Aba "Guia e fontes" renomeada para "Guia" (mesma aba: links e gráficos continuam). | F9: Renomeada no lugar. | G9: Corrigido | H9: tab_renamed | I9: Guia e fontes
A10: 46294.5 | B10: Info | C10: Evolução | E10: Aba "Evolução" criada. | F10: Criada com título, ajuda e cabeçalho da 4.0. | G10: Corrigido | H10: tab_created
A11: 46294.5 | B11: Info | C11: Objetivos | E11: Aba "Objetivos" criada. | F11: Criada com título, ajuda e cabeçalho da 4.0. | G11: Corrigido | H11: tab_created
A12: 46294.5 | B12: Info | C12: Auditoria | E12: Aba "Auditoria" criada. | F12: Criada com título, ajuda e cabeçalho da 4.0. | G12: Corrigido | H12: tab_created
A13: 46294.5 | B13: Info | C13: Config | D13: A2:A3 | E13: Título e ajuda da aba trocados pelos da 4.0 (sem nomes de cliente nem textos da 3.0). | F13: Reescritos. | G13: Corrigido | H13: title_help | I13: Projeto Breno : perfil e referências iniciais | Para mudar metas após o início, use Nova meta na tela Hoje. O histórico preserva os dias já salvos.
A14: 46294.5 | B14: Info | C14: Config | D14: linha 6 | E14: Linha do perfil 3.0: Nome. | F14: Virou client.name = Breno (da configuração do cliente). | G14: Corrigido | H14: profile_archived | I14: Nome | Breno | Informado no chat
A15: 46294.5 | B15: Info | C15: Config | D15: linha 7 | E15: Linha do perfil 3.0: Idade. | F15: Virou client.age = 24 (da configuração do cliente). | G15: Corrigido | H15: profile_archived | I15: Idade | 24 | anos | 24 no cadastro; confirmar quando oportuno.
A16: 46294.5 | B16: Info | C16: Config | D16: linha 8 | E16: Linha do perfil 3.0: Altura. | F16: Virou client.heightCm = 179 (da configuração do cliente; convertido para cm). | G16: Corrigido | H16: profile_archived | I16: Altura | 1.79 | m | Informado
A17: 46294.5 | B17: Info | C17: Config | D17: linha 9 | E17: Linha do perfil 3.0: Peso inicial. | F17: Virou client.startWeightKg = 67 (da configuração do cliente). | G17: Corrigido | H17: profile_archived | I17: Peso inicial | 67 | kg | Informado; não é medição datada
A18: 46294.5 | B18: Info | C18: Config | D18: linha 10 | E18: Linha do perfil 3.0: Início do acompanhamento. | F18: Virou client.startDate = 21/09/2026 (da configuração do cliente). | G18: Corrigido | H18: profile_archived | I18: Início do acompanhamento | 21/09/2026 | data | Data do primeiro registro. O histórico usa datas reais.
A19: 46294.5 | B19: Info | C19: Config | D19: linha 11 | E19: Linha do perfil 3.0: Meta de musculação. | F19: Virou routine.strengthPerWeek = 3 (da configuração do cliente). | G19: Corrigido | H19: profile_archived | I19: Meta de musculação | 3 | sessões/semana | Ajustar se a recuperação exigir
A20: 46294.5 | B20: Info | C20: Config | D20: linha 12 | E20: Linha do perfil 3.0: Muay Thai. | F20: Arquivado aqui; fatos do perfil ficam em client.notes. | G20: Corrigido | H20: profile_archived | I20: Muay Thai | 2 | sessões/semana | Dias exatos a confirmar
A21: 46294.5 | B21: Info | C21: Config | D21: linha 13 | E21: Linha do perfil 3.0: Cardio extra. | F21: Virou routine.cardioPerWeek = 0 (da configuração do cliente). | G21: Corrigido | H21: profile_archived | I21: Cardio extra | 0 | sessões/semana | Sem cardio extra inicialmente
A22: 46294.5 | B22: Info | C22: Config | D22: linha 14 | E22: Linha do perfil 3.0: Proteína de referência. | F22: Meta: agora na aba Metas (versão em vigor). | G22: Corrigido | H22: profile_archived | I22: Proteína de referência | 140 | g/dia | Referência inicial. Metas vigentes e alterações ficam em Histórico de metas.
A23: 46294.5 | B23: Info | C23: Config | D23: linha 15 | E23: Linha do perfil 3.0: Proteína faixa inferior. | F23: Meta: agora na aba Metas (versão em vigor). | G23: Corrigido | H23: profile_archived | I23: Proteína faixa inferior | 135 | g/dia | Faixa discutida no chat
A24: 46294.5 | B24: Info | C24: Config | D24: linha 16 | E24: Linha do perfil 3.0: Proteína faixa superior. | F24: Meta: agora na aba Metas (versão em vigor). | G24: Corrigido | H24: profile_archived | I24: Proteína faixa superior | 145 | g/dia | Faixa discutida no chat
... A44: 46294.5 | B44: Info | C44: Config | D44: linha 38 | E44: Linha do perfil 3.0: Fibra proposta. | F44: Arquivado aqui; fatos do perfil ficam em client.notes. | G44: Corrigido | H44: profile_archived | I44: Fibra proposta | '='Dieta base'!I31 | g | Aumentar fibras gradualmente conforme tolerância digestiva.
A45: 46294.5 | B45: Info | C45: Config | D45: linha 5+ | E45: Config 4.0 escrita: 19 valores da configuração do cliente, 0 do perfil 3.0, demais padrão. | F45: Perfil 3.0 arquivado nas linhas acima desta auditoria. | G45: Corrigido | H45: config_rebuilt
A46: 46294.5 | B46: Info | C46: Progressão | D46: A2:A3 | E46: Título e ajuda da aba trocados pelos da 4.0 (sem nomes de cliente nem textos da 3.0). | F46: Reescritos. | G46: Corrigido | H46: title_help
A47: 46294.5 | B47: Info | C47: Progressão | D47: linha 7 | E47: Conteúdo da 3.0 sem lugar na aba 4.0 (gerada pelo script) arquivado aqui. | F47: Texto citado nesta linha; células limpas. | G47: Corrigido | H47: layout_archived | I47: Compare apenas work sets do mesmo exercício e critério de carga. Atualize pelo menu Projeto.
A48: 46294.5 | B48: Info | C48: Progressão | D48: linha 9 | E48: Conteúdo da 3.0 sem lugar na aba 4.0 (gerada pelo script) arquivado aqui. | F48: Texto citado nesta linha; células limpas. | G48: Corrigido | H48: layout_archived | I48: Data | Ficha | Exercício | Work 1 kg | Work 1 reps | Work 2 kg | Work 2 reps | Volume work | Work sets | RIR work 1 | RIR work 2 | Sessão | Estado | Leitura
A49: 46294.5 | B49: Info | C49: Progressão | D49: linha 33 | E49: Conteúdo da 3.0 sem lugar na aba 4.0 (gerada pelo script) arquivado aqui. | F49: Texto citado nesta linha; células limpas. | G49: Corrigido | H49: layout_archived | I49: Compare mesmo equipamento, amplitude e RIR. O volume é carga × repetições, não uma medida isolada de progresso.
A50: 46294.5 | B50: Info | C50: Progressão | D50: linha 5 | E50: Cabeçalho refeito na ordem da 4.0 (aba gerada pelo script). | F50: Colunas: Exercício, Grupo, Sessão, Última sessão, Último work, RIR, Tendência, Sugestão, Ficha. | G50: Corrigido | H50: header_rebuilt | I50: Exercício
A51: 46294.5 | B51: Info | C51: Dieta base | D51: A2:A3 | E51: Título e ajuda da aba trocados pelos da 4.0 (sem nomes de cliente nem textos da 3.0). | F51: Reescritos. | G51: Corrigido | H51: title_help | I51: Base do chat ajustada nas porções para aproximar 2.400 kcal e a meta proteica. Ver alterações em Revisões.
A52: 46294.5 | B52: Info | C52: Ficha de treino | D52: A2:A3 | E52: Título e ajuda da aba trocados pelos da 4.0 (sem nomes de cliente nem textos da 3.0). | F52: Reescritos. | G52: Corrigido | H52: title_help | I52: Projeto Breno — ficha vigente F002 | Aquecimento e feeder ficam separados. Apenas as duas work sets entram no volume e na progressão.
A53: 46294.5 | B53: Info | C53: Medidas e fotos | D53: A2:A3 | E53: Título e ajuda da aba trocados pelos da 4.0 (sem nomes de cliente nem textos da 3.0). | F53: Reescritos. | G53: Corrigido | H53: title_help | I53: Cintura semanal. Outras medidas e fotos a cada 4 semanas. Mesma luz, distância e postura relaxada; fotos não medem BF com precisão.
A54: 46294.5 | B54: Info | C54: Medidas e fotos | D54: linha 5 | E54: Aba sem dados: cabeçalho refeito na ordem da 4.0. | F54: Colunas: Data, Cintura umbigo cm, Quadril cm, Peito cm, Braço direito cm, Coxa direita cm, Frente: link, Lado: link, Costas: link, Condições / observações, Objetivo. | G54: Corrigido | H54: header_rebuilt | I54: Data | Cintura umbigo cm | Quadril cm | Peito cm | Braço direito cm | Coxa direita cm | Frente: link | Lado: link | Costas: link | Condições / observações
A55: 46294.5 | B55: Info | C55: Semanas | D55: A2:A3 | E55: Título e ajuda da aba trocados pelos da 4.0 (sem nomes de cliente nem textos da 3.0). | F55: Reescritos. | G55: Corrigido | H55: title_help
A56: 46294.5 | B56: Info | C56: Semanas | D56: linhas 6+ | E56: 21 fórmulas por linha removidas; na 4.0 o script grava os valores (sem intervalos fixos). | F56: Valores calculados mantidos; fórmulas retiradas. | G56: Corrigido | H56: formulas_removed | I56: '=IF(A6="","",A6+6)
A57: 46294.5 | B57: Info | C57: Semanas | D57: linha 5 | E57: Aba sem dados: cabeçalho refeito na ordem da 4.0. | F57: Colunas: Início, Fim, Objetivo, Meta, Ficha, Transição na semana, Pesagens, Peso médio 7d, Variação kg, Variação %/sem, Cintura, Variação cintura, Dias com registro, Dias completos, kcal média, Proteína média, Carboidrato médio, Gordura média, Fibra média, Aderência kcal, Aderência proteína, Aderência gordura, Cobertura alimentar, Itens sem cálculo, Treinos, Meta treinos, Volume work, Exercícios com progressão, Sono médio, Fome média, Cansaço médio, Dor máx, Passos médios, Cardio min, Atividades, Suficiência de dados, Situação, Sinais, Motivos, Recomendação, Motivo da recomendação, Próxima revisão, Calculado em. | G57: Corrigido | H57: header_rebuilt | I57: Início | Fim | Pesagens | Peso médio | Variação kg | Cintura | kcal média | Proteína média | Gordura média | Dias completos | Aderência kcal | Aderência proteína | Treinos | Meta treinos | Passos médios | Cardio min | Sono médio | Muay Thai | Situação | Dias com registro | Itens sem cálculo | Cobertura alimentar
A58: 46294.5 | B58: Info | C58: Alimentação | D58: A2:A3 | E58: Título e ajuda da aba trocados pelos da 4.0 (sem nomes de cliente nem textos da 3.0). | F58: Reescritos. | G58: Corrigido | H58: title_help | I58: Consumo confirmado por você. Quantidades na unidade-base; conversão original nas observações. Sem cálculo = macros desconhecidos, nunca zero.
A59: 46294.5 | B59: Info | C59: Alimentação | D59: linha 5 | E59: Aba sem dados: cabeçalho refeito na ordem da 4.0. | F59: Colunas: Data, Refeição, Alimento, Quantidade, Unidade, kcal, Proteína g, Carboidrato g, Gordura g, Fibra g, Medição, Observação, Conferência, ID lançamento, Favorita / versão, Fonte, Cálculo. | G59: Corrigido | H59: header_rebuilt | I59: Data | Refeição | Alimento | Quantidade | Unidade | kcal | Proteína g | Carboidrato g | Gordura g | Fibra g | Medição | Observação | Conferência | ID lançamento | Favorita / versão
A60: 46294.5 | B60: Info | C60: Registro de treino | D60: A2:A3 | E60: Título e ajuda da aba trocados pelos da 4.0 (sem nomes de cliente nem textos da 3.0). | F60: Reescritos. | G60: Corrigido | H60: title_help | I60: Histórico: aquecimento e feeder preservados; volume calculado somente com Work 1 + Work 2. Salvar parcial permite retomar.
A61: 46294.5 | B61: Info | C61: Registro de treino | D61: linha 5 | E61: Aba sem dados: cabeçalho refeito na ordem da 4.0. | F61: Colunas: Data, Sessão, Exercício, Equipamento / carga, Aquecimento kg, Aquecimento reps, Feeder kg, Feeder reps, Work 1 kg, Work 1 reps, Work 2 kg, Work 2 reps, Work sets realizadas, Volume work kg×reps, RIR work 2, Dor 0–10, Observação, Ficha, Work sets prescritas, Reps work mín, Reps work máx, Fase, ID sessão, RIR work 1, Estado sessão, Modelo de séries, Objetivo. | G61: Corrigido | H61: header_rebuilt | I61: Data | Sessão | Exercício | Equipamento / carga | Aquecimento kg | Aquecimento reps | Feeder kg | Feeder reps | Work 1 kg | Work 1 reps | Work 2 kg | Work 2 reps | Work sets realizadas | Volume work kg×reps | RIR work 2 | Dor 0–10 | Observação | Ficha | Work sets prescritas | Reps work mín | Reps work máx | Fase | ID sessão | RIR work 1 | Estado sessão | Modelo de séries
A62: 46294.5 | B62: Info | C62: Diário | D62: A2:A3 | E62: Título e ajuda da aba trocados pelos da 4.0 (sem nomes de cliente nem textos da 3.0). | F62: Reescritos. | G62: Corrigido | H62: title_help | I62: Resumo diário e metas preservadas
A63: 46294.5 | B63: Info | C63: Diário | D63: linhas 6+ | E63: 12 fórmulas por linha removidas; na 4.0 o script grava os valores (sem intervalos fixos). | F63: Valores calculados mantidos; fórmulas retiradas. | G63: Corrigido | H63: formulas_removed | I63: '=IF(A6="","",IF(COUNTIFS('Alimentação'!$A$6:$A1000,A6,'Alimentação'!$F$6:$F1000,">=0")=0,"",SUMIFS('Alimentação'!$F$6:$F1000,'Alimentação'!$A$6:$A1000,A6)))
A64: 46294.5 | B64: Info | C64: Diário | D64: linha 5 | E64: Aba sem dados: cabeçalho refeito na ordem da 4.0. | F64: Colunas: Data, Peso kg, Cintura cm, Sono h, Passos, Cardio min, Atividade min, Atividade, Fome 1–5, Cansaço 1–5, Dor 0–10, Registro alimentar, Observações, Objetivo, Meta, Ficha, kcal, Proteína g, Carboidrato g, Gordura g, Fibra g, Itens sem cálculo, Itens estimados, Treinos, Estado do dia. | G64: Corrigido | H64: header_rebuilt | I64: Data | Peso kg | Sono h | Passos | Cardio min | Muay Thai | Registro alimentar completo | Cintura cm | Fome 1–5 | Cansaço 1–5 | Observações | Meta versão | Meta kcal | Meta proteína | Meta gordura | Meta carbo | Treinos meta | P mín | P máx | Tol kcal | Tol gordura | kcal | Proteína g | Carboidrato g | Gordura g | Fibra g | Treinos | Média peso 7d | Aderência kcal | Aderência proteína | Aderência gordura | Dias peso 7d | Itens sem cálculo
A65: 46294.5 | B65: Info | C65: Revisões | D65: A2:A3 | E65: Título e ajuda da aba trocados pelos da 4.0 (sem nomes de cliente nem textos da 3.0). | F65: Reescritos. | G65: Corrigido | H65: title_help | I65: Registrar mudanças antes de atualizar a ficha ou metas. A planilha não aumenta carga ou muda calorias automaticamente.
A66: 46294.5 | B66: Info | C66: Revisões | D66: linha 5 | E66: Cabeçalhos da 3.0 renomeados (mesma coluna, dados no lugar). | F66: Alteração proposta → Alteração; Resultado após mudança → Resultado | G66: Corrigido | H66: header_renamed | I66: Alteração proposta | Resultado após mudança
A67: 46294.5 | B67: Info | C67: Revisões | D67: I5:L5 | E67: Colunas da 4.0 acrescentadas à direita: Objetivo, Meta, Ficha, Recomendação. | F67: Nenhuma coluna existente foi movida. | G67: Corrigido | H67: columns_added
A68: 46294.5 | B68: Info | C68: Revisões | D68: A6 | E68: Horário retirado da data em "Data" (datas são dias puros). | F68: 15/09/2026 | G68: Corrigido | H68: date_with_time | I68: 15/09/2026 12:00
A69: 46294.5 | B69: Info | C69: Revisões | D69: A7 | E69: Horário retirado da data em "Data" (datas são dias puros). | F69: 15/09/2026 | G69: Corrigido | H69: date_with_time | I69: 15/09/2026 12:00
A70: 46294.5 | B70: Info | C70: Revisões | D70: A10 | E70: Data em texto em "Data" gravada como data. | F70: 28/09/2026 | G70: Corrigido | H70: text_date | I70: 28/09/2026
A71: 46294.5 | B71: Info | C71: Metas | D71: A2:A3 | E71: Título e ajuda da aba trocados pelos da 4.0 (sem nomes de cliente nem textos da 3.0). | F71: Reescritos. | G71: Corrigido | H71: title_help | I71: Após iniciar registros, use Nova meta na tela Hoje. Metas usadas ficam gravadas no dia.
A72: 46294.5 | B72: Info | C72: Metas | D72: linha 5 | E72: Cabeçalhos da 3.0 renomeados (mesma coluna, dados no lugar). | F72: Versão → ID; Vigência → Início; Treinos semana → Treinos/sem | G72: Corrigido | H72: header_renamed | I72: Versão | Vigência | Treinos semana
A73: 46294.5 | B73: Info | C73: Metas | D73: M5:X5 | E73: Colunas da 4.0 acrescentadas à direita: Objetivo, Fim, Status, Fibra g, Cardio/sem, Atividades/sem, Passos/dia, TMB kcal, Método TMB, Fator de atividade, Gasto estimado kcal, Revisor. | F73: Nenhuma coluna existente foi movida. | G73: Corrigido | H73: columns_added
A74: 46294.5 | B74: Info | C74: Fichas | D74: A2:A3 | E74: Título e ajuda da aba trocados pelos da 4.0 (sem nomes de cliente nem textos da 3.0). | F74: Reescritos. | G74: Corrigido | H74: title_help | I74: Edite a proposta em Ficha de treino. Salvar nova ficha arquiva outra versão sem apagar esta.
A75: 46294.5 | B75: Info | C75: Fichas | D75: P5:R5 | E75: Colunas da 4.0 acrescentadas à direita: Início, Fim, Status. | F75: Nenhuma coluna existente foi movida. | G75: Corrigido | H75: columns_added
A76: 46294.5 | B76: Info | C76: Alimentos | D76: A2:A3 | E76: Título e ajuda da aba trocados pelos da 4.0 (sem nomes de cliente nem textos da 3.0). | F76: Reescritos. | G76: Corrigido | H76: title_help | I76: B e C definem a unidade e a porção-base dos nutrientes. M/N: medida caseira opcional. O: qualidade da referência. Não converter ml em g sem densidade.
A77: 46294.5 | B77: Info | C77: Favoritas | D77: A2:A3 | E77: Título e ajuda da aba trocados pelos da 4.0 (sem nomes de cliente nem textos da 3.0). | F77: Reescritos. | G77: Corrigido | H77: title_help | I77: Cadastro pessoal vazio. Use Projeto → Favoritar refeição da data após registrar uma refeição sua.
A78: 46294.5 | B78: Info | C78: Ingredientes | D78: A2:A3 | E78: Título e ajuda da aba trocados pelos da 4.0 (sem nomes de cliente nem textos da 3.0). | F78: Reescritos. | G78: Corrigido | H78: title_help | I78: Ingredientes das suas favoritas. Quantidade sempre na unidade-base do alimento.
A79: 46294.5 | B79: Info | C79: Equivalências | D79: A2:A3 | E79: Título e ajuda da aba trocados pelos da 4.0 (sem nomes de cliente nem textos da 3.0). | F79: Reescritos. | G79: Corrigido | H79: title_help | I79: Trocas igualam um nutriente, não todos os macros. Quantidades calculadas são aproximações; confira o total da dieta.
A80: 46294.5 | B80: Info | C80: Exercícios | D80: A2:A3 | E80: Título e ajuda da aba trocados pelos da 4.0 (sem nomes de cliente nem textos da 3.0). | F80: Reescritos. | G80: Corrigido | H80: title_help | I80: Cadastro expansível de exercícios
A81: 46294.5 | B81: Info | C81: Guia | D81: A2:A3 | E81: Título e ajuda da aba trocados pelos da 4.0 (sem nomes de cliente nem textos da 3.0). | F81: Reescritos. | G81: Corrigido | H81: title_help | I81: Versão 3.0 — Google Sheets. Registro pessoal, estimativas explícitas e foco nas séries de trabalho.
A82: 46294.5 | B82: Info | C82: Fichas | D82: F001 (22 linhas) | E82: Ficha F001: data técnica 01/01/1900 substituída pela data real; vigência 15/09/2026–27/09/2026, Encerrada. | F82: Início: — → 15/09/2026; Fim: — → 27/09/2026; Status: — → Encerrada; Vigência: 01/01/1900 → 15/09/2026 | G82: Corrigido | H82: version_technical_date | I82: Início=—; Fim=—; Status=—; Vigência=01/01/1900
A83: 46294.5 | B83: Info | C83: Fichas | D83: F002 (22 linhas) | E83: Ficha F002: vigência 28/09/2026–em aberto, Vigente. | F83: Início: — → 28/09/2026; Status: — → Vigente | G83: Corrigido | H83: version_updated | I83: Início=—; Status=—
A84: 46294.5 | B84: Info | C84: Metas | D84: M001 | E84: Meta M001: data técnica 01/01/1900 substituída pela data real; vigência 28/09/2026–em aberto, Vigente. | F84: Cardio/sem: — → 0; Atividades/sem: — → 2; Motivo: Referência inicial dos chats. Vigência inicial técnica; data do projeto no perfil. → Referência inicial dos chats; início real 28/09/2026 (a 3.0 usava 01/01/1900 como vigência técnica).; Revisor: — → Luan; TMB kcal: — → 1673,75; Método TMB: — → Mifflin-St Jeor; Fator de atividade: — → 1,55; Gasto estimado kcal: — → 2594,31; Início: 01/01/1900 → 28/09/2026; Status: — → Vigente | G84: Corrigido | H84: version_technical_date | I84: Cardio/sem=—; Atividades/sem=—; Motivo=Referência inicial dos chats. Vigência inicial técnica; data do projeto no perfil.; Revisor=—; TMB kcal=—; Método TMB=—; Fator de atividade=—; Gasto estimado kcal=—; Início=01/01/1900; Status=—
A85: 46294.5 | B85: Info | C85: Objetivos | D85: O001 | E85: Objetivo O001 criado a partir da configuração do cliente (Vigente desde 28/09/2026). | F85: Objetivo: Recomposição corporal; Tipo de análise: recomposicao; Peso inicial kg: 67; Expectativa principal: Ganhar músculo e acompanhar cintura, desempenho e recuperação; Motivo da mudança: Objetivo inicial (migração 3.0 → 4.0); ID: O001; Início: 28/09/2026; Status: Vigente; kcal iniciais: 2400; Proteína g: 140; Gordura g: 65; Carboidrato g: 313,75; Treinos/sem: 3; Cardio/sem: 0; Atividades/sem: 2; Revisor: Luan | G85: Corrigido | H85: version_created
A86: 46294.5 | B86: Info | C86: Metas | D86: M001 | E86: Meta M001 ligado a O001 (em vigor no início). | F86: Ids gravados. | G86: Corrigido | H86: version_linked
A87: 46294.5 | B87: Info | C87: Objetivos | D87: O001 | E87: Objetivo O001 ligado a M001, F002 (em vigor no início). | F87: Ids gravados. | G87: Corrigido | H87: version_linked
A88: 46294.5 | B88: Info | C88: Guia | D88: C17 | E88: Frase de outro cliente (Zoio) retirada: "Zoio: sequência contínua avança só ao concluir sessão." | F88: Célula ficou vazia. | G88: Corrigido | H88: cross_client | I88: Zoio: sequência contínua avança só ao concluir sessão.
A89: 46294.5 | B89: Info | C89: Guia | D89: B21 | E89: Frase de outro cliente (Zoio) retirada: "Zoio: Push A → Pull A → Legs A → Push B → Pull B → Legs B." | F89: Texto mantido: "Breno: Upper → Lower → Full Body." | G89: Corrigido | H89: cross_client | I89: Zoio: Push A → Pull A → Legs A → Push B → Pull B → Legs B. Breno: Upper → Lower → Full Body.
A90: 46294.5 | B90: Info | C90: Guia | D90: C21 | E90: Frase de outro cliente (Zoio) retirada: "O agendamento semanal não reinicia a rotação do Zoio." | F90: Célula ficou vazia. | G90: Corrigido | H90: cross_client | I90: O agendamento semanal não reinicia a rotação do Zoio.
A91: 46294.5 | B91: Info | C91: Hoje | D91: E5 | E91: Texto de status da 3.0 substituído. | F91: Planilha 4.0: objetivo, meta e ficha em vigor vêm das abas Objetivos, Metas e Fichas. | G91: Corrigido | H91: stale_text | I91: Revisão 3.0 validada: fichas, unidades e volume dos work sets.
A92: 46294.5 | B92: Info | C92: Revisões | E92: 5 linhas receberam os ids em vigor na data (objective, goal, plan). | F92: Só células vazias foram preenchidas. | G92: Corrigido | H92: ids_stamped
A93: 46294.5 | B93: Info | C93: Hoje | D93: A27:A38 | E93: Intervalo nomeado "ListaExercicios" recriado para a lista da validação. | F93: ListaExercicios = Exercícios!A6:A1000. | G93: Corrigido | H93: validation_named_range | I93: ListaExercicios
A94: 46294.5 | B94: Info | C94: Registro de treino | D94: C6 | E94: Intervalo nomeado "ListaExercicios" recriado para a lista da validação. | F94: ListaExercicios = Exercícios!A6:A1000. | G94: Corrigido | H94: validation_named_range | I94: ListaExercicios
A95: 46294.5 | B95: Info | C95: Painel | E95: 21 fórmulas da 3.0 removidas (liam Semanas por posição e com intervalos fixos). Texto digitado mantido. | F95: O Painel passa a ser desenhado pelo script (Atualizar painel / Reaplicar layout). | G95: Corrigido | H95: layout_formulas_removed | I95: '=Hoje!B5-WEEKDAY(Hoje!B5,2)+1
A96: 46294.5 | B96: Info | C96: Config | D96: system.schemaVersion | E96: Versão do esquema gravada: 4.0. | F96: Rodar a migração de novo não altera nada. | G96: Corrigido | H96: schema_version
A97: 46294.5 | B97: Aviso | D97: Energia | E97: Fator de atividade 1,55 é uma estimativa; revisar com os primeiros registros de peso e ingestão. | F97: Confirmar com o revisor e ajustar em Config/Metas se preciso. | G97: Revisar | H97: review
A98: 46294.5 | B98: Aviso | D98: Perfil | E98: Início do acompanhamento (21/09/2026, primeiro registro) é anterior ao início do objetivo O001 e da meta M001 (28/09/2026); confirmar. | F98: Confirmar com o revisor e ajustar em Config/Metas se preciso. | G98: Revisar | H98: review
